,0,1,2,3,4,5,6,7,8,9,10,11,12,13,14,15,16,17,18,19,20,21,22,23,24,25,26,27,28,29,30,31,32,34
0,0.04119385,0.26068878,0.036192946,0.0,0.030750377,1.2158358,0.028248891,0.0,0.80735517,0.0,0.012861945,0.065702915,0.9639311,0.0,0.0006966442,0.014075115,0.0,0.0,0.043030124,0.88667727,0.0,0.0,0.0,0.0,1.3557308,0.05551879,1.3087575,0.0,0.0,0.04245624,0.060128726,0.5870954,0.0,-1
1,0.053015906,0.21482638,0.00032067485,0.0,0.084424876,1.4214505,0.096187934,0.007058261,0.8297147,0.0,0.01831568,0.0681711,0.97868615,0.0,0.004851751,0.040628597,0.0,0.0,0.0,1.0345179,0.0,0.061043326,0.0,0.0,1.480644,0.10664493,1.5858765,0.0,0.0,0.0,0.0,0.8263809,0.0,-1
2,0.0,0.11526395,0.0,0.0,0.0,1.4088362,0.0,0.0,0.87639767,0.0,0.0,0.0,1.0248697,0.0,0.0,0.0,0.0,0.0,0.0,0.9695275,0.0,0.0,0.0,0.0,1.4773289,0.0,1.472586,0.0,0.0,0.0,0.0,0.64688754,0.0,-1
3,0.1095064,0.26941738,0.0,0.0,0.0059625516,1.1778848,0.0,0.0,0.65867454,0.0,0.028782554,0.03181613,0.89669794,0.0,0.027547076,0.0067110807,0.0,0.0,0.0,0.8059468,0.0,0.0,0.0,0.0,1.2070535,0.10201055,1.1537318,0.0,0.0,0.070187345,0.0,0.6077062,0.0,-1
4,0.0,0.0,0.0,0.0,0.0,1.926165,0.0,0.0,1.1988366,0.0,0.0,0.0,1.2787141,0.0,0.0,0.0,0.0,0.0,0.0,1.3989382,0.0,0.0,0.06855598,0.0,1.9268711,0.0,1.8875678,0.0,0.0,0.0,0.0,0.89926773,0.0,-1
5,0.5020372,1.0455093,0.50761396,0.0,0.37020952,1.8824525,0.6628153,0.4502378,0.82044595,0.33250535,0.3529846,0.57699883,1.1696366,0.0,0.5418941,0.44874007,0.0,0.0,0.38808,1.1587349,0.42575234,0.4518485,0.0,0.0,1.7964354,0.71296024,1.9897286,0.0,0.0,0.58655417,0.41831478,1.0566772,0.0,-1
6,0.0,0.38943958,0.0,0.0,0.0,1.441445,0.0,0.0,0.86525154,0.0,0.0,0.0,1.0529917,0.0,0.0,0.0,0.0,0.0,0.0,0.98844147,0.0,0.0,0.0,0.0,1.5440717,0.0,1.5478944,0.0,0.0,0.0,0.06204856,0.7007063,0.0,-1
7,0.0,0.18690915,0.035444733,0.0,0.04044899,1.386772,0.0,0.0,0.92339724,0.0,0.0,0.0,0.9796174,0.0,0.0,0.0,0.0,0.0,0.0,0.9536701,0.0,0.0,0.0,0.0,1.597481,0.0,1.5055715,0.0,0.0,0.0,0.0,0.5630905,0.0,-1
8,0.0,0.07022735,0.0,0.0,0.0,2.1738906,0.0,0.0,1.3819919,0.0,0.0,0.0,1.581636,0.0,0.0,0.0,0.0,0.0,0.0,1.5643617,0.0,0.0,0.0,0.0,2.3518462,0.0,2.2866232,0.0,0.0,0.0,0.0,1.1409023,0.0,-1
9,0.029884271,0.26442736,0.0,0.0,0.0,1.3777508,0.0,0.0,0.89549375,0.0,0.0,0.0,1.1108514,0.0,0.0,0.0,0.0,0.0,0.0,0.99636596,0.0,0.0,0.0,0.0,1.5207678,0.0,1.5028899,0.0,0.0,0.0,0.0,0.7224696,0.0,-1
10,0.35274345,0.7474123,0.17389387,0.0,0.19528809,1.1300434,0.34735024,0.28885683,0.57427377,0.29212022,0.20719004,0.39876217,0.76838577,0.0,0.2983184,0.37852052,0.0,0.0,0.25674874,0.73322237,0.16640934,0.23640858,0.0,0.0,1.1293131,0.42543957,1.1774263,0.0,0.0,0.38322735,0.22476444,0.7161658,0.0,-1
11,0.45714566,0.6988839,0.50142604,0.0,0.3831847,1.3184482,0.5548726,0.47770494,0.68831074,0.28477734,0.39251995,0.5792401,0.85891783,0.0,0.36059088,0.4528261,0.0,0.0,0.4013687,0.96008766,0.36041176,0.47777885,0.0,0.0,1.4643677,0.5599998,1.557057,0.0,0.0,0.39126414,0.33313537,0.61766315,0.0,-1
12,0.33782578,0.5920831,0.1802428,0.0,0.3193012,1.4538172,0.33545762,0.37011197,0.7586932,0.18768865,0.2199174,0.35487667,0.90227634,0.0,0.30889598,0.36354992,0.0,0.0,0.252863,0.9864867,0.15801921,0.3188729,0.0,0.0,1.4269912,0.45658532,1.5407244,0.0,0.0,0.31411034,0.2717532,0.72897404,0.0,-1
13,0.021981597,0.29922426,0.022145633,0.0,0.0,1.2337216,0.12990732,0.0,0.76586175,0.04413882,0.11646882,0.011227716,0.8649584,0.0,0.21949103,0.0,0.0,0.0,0.0,0.8913125,0.0,0.028935995,0.0,0.0,1.3129649,0.078918874,1.1987377,0.0,0.0,0.22481734,0.0,0.6239696,0.0,-1
14,0.0,0.0,0.0,0.0,0.0,1.94465,0.0,0.0,1.2683548,0.0,0.0,0.0,1.417803,0.0,0.0,0.0,0.0,0.0,0.0,1.406931,0.0,0.0,0.080621056,0.0,1.9818666,0.0,1.9521136,0.0,0.0,0.0,0.0,0.9315942,0.0,-1
15,0.045368906,0.40471122,0.0,0.0,0.10277539,1.647205,0.009653866,0.0,0.8739826,0.0,0.0,0.10935818,1.0688438,0.0,0.11383425,0.056392156,0.0,0.0,0.009193121,1.1135026,0.0,0.0,0.0,0.0,1.6223369,0.18556654,1.6598704,0.0,0.0,0.04586425,0.089332156,0.8401347,0.0,-1
16,0.0,0.0,0.0,0.0,0.0,1.4962986,0.0,0.0,1.0366901,0.0,0.0,0.0,1.1621683,0.0,0.0,0.0,0.0,0.0,0.0,1.0649875,0.0,0.0,0.0,0.0,1.6429234,0.0,1.5294095,0.0,0.0,0.0,0.0,0.6764099,0.0,-1
17,0.18766929,0.3914394,0.056640394,0.0,0.16652843,1.3765591,0.065471426,0.10141628,0.742125,0.0,0.0,0.18169345,0.89381427,0.0,0.1054897,0.0875849,0.0,0.0,0.045228895,0.97948873,0.0,0.07845037,0.0,0.0,1.3683696,0.206518,1.4322755,0.0,0.0,0.0,0.08596142,0.68078923,0.0,-1
18,0.016433012,0.365977,0.0,0.0,0.06571951,1.549418,0.0,0.0,0.9751072,0.0,0.0,0.0073649697,0.98067456,0.0,0.0,0.0,0.0,0.0,0.0,1.1278199,0.0,0.0,0.0,0.0,1.6364325,0.013743132,1.6173631,0.0,0.0,0.0,0.07498189,0.7185599,0.0,-1
19,0.0,0.0,0.0,0.0,0.0,1.6628526,0.0,0.0,1.0253514,0.0,0.0,0.0,1.179655,0.0,0.0,0.0,0.0,0.0,0.0,1.149611,0.0,0.0,0.0,0.0,1.720442,0.0,1.6352724,0.0,0.0,0.0,0.0,0.8487773,0.0,-1
20,0.08045163,0.37068722,0.053475894,0.0,0.0,1.5341027,0.360947,0.064129926,1.0156474,0.065879725,0.15761954,0.0,1.1442868,0.0,0.12680839,0.0,0.0,0.0,0.0,0.9813513,0.046066612,0.06914894,0.0,0.0,1.6617535,0.12386885,1.4367157,0.0,0.0,0.33689743,0.0,0.7985292,0.0,-1
21,0.0,0.01303751,0.0,0.0,0.0039387355,1.4891135,0.13096406,0.0,0.95400316,0.0,0.0,0.0,1.1368861,0.0,0.0,0.0,0.0,0.0,0.0,1.0690795,0.0,0.0,0.0,0.0,1.5685593,0.075394854,1.6014256,0.0,0.0,0.0,0.0,0.74314976,0.0,-1
22,0.0,0.044743054,0.0,0.0,0.0,1.958757,0.0,0.0,1.0946492,0.0,0.0,0.0,1.3346797,0.0,0.0,0.0,0.0,0.0,0.0,1.2625427,0.0,0.0,0.0,0.0,1.9566456,0.0,1.9159346,0.0,0.0,0.0,0.0,1.1379718,0.0,-1
23,0.2444857,0.85113454,0.2432241,0.0,0.033581525,1.249521,0.45705694,0.3287639,0.63633305,0.31052154,0.30787966,0.36586523,0.7299083,0.0,0.40662235,0.088360064,0.0,0.0,0.29610676,0.78642,0.31782302,0.30711862,0.0,0.0,1.2656754,0.3609046,1.3607347,0.0,0.0,0.3721677,0.35188717,0.70538414,0.0,-1
24,0.0,0.0,0.0,0.0,0.0,2.5054417,0.0,0.0,1.660134,0.0,0.0,0.0,1.792068,0.0,0.0,0.0,0.0,0.0,0.0,1.7948998,0.0,0.0,0.2103453,0.0,2.621469,0.0,2.4613917,0.0,0.0,0.0,0.0,1.2497941,0.0,-1
25,0.04769863,0.23796386,0.0,0.0,0.0,1.1963758,0.18978952,0.0,0.8823344,0.03486626,0.0,0.0,0.94370335,0.0,0.0,0.06579602,0.0,0.0,0.0,0.7822544,0.0,0.0,0.0,0.0,1.3983004,0.08848691,1.3945262,0.0,0.0,0.07992647,0.0,0.70440924,0.0,-1
26,0.12826787,0.32502064,0.02971742,0.0,0.08836995,1.1678544,0.27620053,0.20418267,0.74784815,0.06305567,0.17590386,0.14024916,0.8445103,0.0,0.13806835,0.12614082,0.0,0.0,0.06376727,0.8586184,0.04769612,0.17819351,0.0,0.0,1.2882361,0.23521963,1.4220871,0.0,0.0,0.13983586,0.14879143,0.6906249,0.0,-1
27,0.0,0.156165,0.0,0.0,0.0019635975,1.4400315,0.0,0.0,0.9630365,0.0,0.0,0.0,1.0809596,0.0,0.0,0.0,0.0,0.0,0.0,0.95824313,0.0,0.0,0.0,0.0,1.6290311,0.0,1.5622828,0.0,0.0,0.0,0.0,0.7258517,0.0,-1
28,0.08820372,0.5917282,0.24890655,0.0,0.055267062,1.1886697,0.060703754,0.124037534,0.84185225,0.2266491,0.054559108,0.08813221,0.7513105,0.0,0.03681223,0.15350637,0.0,0.0,0.26877686,0.7743623,0.17230064,0.07582621,0.0,0.0,1.3541144,0.04516469,1.3302814,0.0,0.0,0.10040758,0.17158116,0.44545645,0.0,-1
29,0.34246728,0.4517737,0.26579255,0.0,0.26916915,1.1235766,0.3605274,0.3360493,0.682731,0.08325121,0.327994,0.30070418,0.85037005,0.0,0.32162327,0.27894273,0.0,0.0,0.22330298,0.78152996,0.15823442,0.2702663,0.0,0.0,1.2429563,0.32215768,1.3088202,0.0,0.0,0.30908772,0.13324751,0.5369018,0.0,-1
30,0.3753089,0.7359929,0.21417986,0.0,0.28369284,1.2102844,0.42918038,0.32397318,0.7251042,0.29777384,0.27970085,0.37571645,0.8418187,0.0,0.4007808,0.3817719,0.0,0.0,0.27757758,0.74807394,0.20832345,0.22668831,0.0,0.0,1.2673616,0.39969614,1.3185917,0.0,0.0,0.40829858,0.32842475,0.6966018,0.0,-1
31,0.10227582,0.43099377,0.046733942,0.0,0.02785185,1.3114088,0.06862435,0.0,0.7074958,0.060889684,0.045618046,0.065457955,0.90857893,0.0,0.0,0.058146082,0.0,0.0,0.12861736,0.7774437,0.013373464,0.0,0.0,0.0,1.3098466,0.12125018,1.3215169,0.0,0.0,0.0,0.033461902,0.64708614,0.0,-1
32,0.47111008,0.95082355,0.32718742,0.0,0.307912,0.9831053,0.41337436,0.47006056,0.3842619,0.40723985,0.39125264,0.5802653,0.6103293,0.0,0.49327165,0.44742426,0.0,0.0,0.3464752,0.598587,0.34653237,0.33410305,0.0,0.0,0.9900966,0.5618849,1.0936711,0.0,0.0,0.5347384,0.38487858,0.5025761,0.0,-1
33,0.22530848,0.42519215,0.0,0.0,0.13146098,1.269058,0.1381443,0.0778749,0.74843276,0.09326297,0.11722112,0.16782843,0.87879664,0.0,0.118722886,0.2618658,0.0,0.0,0.11011673,0.7678329,0.06136795,0.004923705,0.0,0.0,1.299639,0.22141865,1.3317462,0.0,0.0,0.1783778,0.13387257,0.76944363,0.0,-1
34,0.0,0.0,0.0,0.0,0.0,1.429757,0.0,0.0,0.90962034,0.0,0.0,0.0,0.9987,0.0,0.0,0.0,0.0,0.0,0.0,1.0102978,0.0,0.0,0.0,0.0,1.5536531,0.0,1.4339136,0.0,0.0,0.0,0.0,0.70667046,0.0,-1
35,1.6808394,2.6443822,1.6258681,0.0,1.0770408,0.70943177,2.1742182,1.9425231,0.0,1.6183242,1.7095993,2.1230536,0.17542344,0.0,2.02937,1.7781667,0.0,0.0,1.7537484,0.15931381,1.7887253,1.6436533,0.0,0.0,0.5842604,2.0731514,0.9960482,0.0,0.0,2.12,1.4339958,0.4709038,0.0,-1
36,0.43104562,0.71801114,0.30769393,0.0,0.27169988,0.8823309,0.42091203,0.43532202,0.44921058,0.30298132,0.37043822,0.49656236,0.62340283,0.0,0.43332374,0.44850513,0.0,0.0,0.3149324,0.5720852,0.27553096,0.330072,0.0,0.0,0.9713654,0.47679558,0.9909365,0.0,0.0,0.48743278,0.29617587,0.465914,0.0,-1
37,0.12921114,0.2529255,0.032111716,0.0,0.04153957,1.4201896,0.0,0.0,0.75539154,0.0,0.010913439,0.06643692,0.9840708,0.0,0.0,0.05969961,0.0,0.0,0.0,0.8740527,0.0,0.0,0.0,0.0,1.4212891,0.040868714,1.5107305,0.0,0.0,0.0,0.0,0.6644837,0.0,-1
38,0.0823331,0.47694382,0.060142208,0.0,0.05255613,1.2867255,0.0,0.0,0.66183484,0.017114185,0.0,0.093195915,0.8314084,0.0,0.09365442,0.08832227,0.0,0.0,0.022757757,0.75255316,0.0014179051,0.0,0.0,0.0,1.2452066,0.13198127,1.2440379,0.0,0.0,0.0558302,0.0818785,0.6231501,0.0,-1
39,0.55172193,1.0029404,0.37074584,0.0,0.4014954,1.3324978,0.6518289,0.473644,0.58167267,0.42369562,0.40848452,0.56977355,0.8446722,0.0,0.44507778,0.5314004,0.0,0.0,0.527664,0.8140287,0.3187865,0.48414993,0.0,0.0,1.3112805,0.601243,1.4399102,0.0,0.0,0.5572067,0.36950886,0.8033744,0.0,-1
40,0.0,0.0,0.0,0.0,0.0,2.1844778,0.0,0.0,1.3037752,0.0,0.0,0.0,1.4991243,0.0,0.0,0.0,0.0,0.0,0.0,1.493615,0.0,0.0,0.0,0.0,2.1871333,0.0,2.1644769,0.0,0.0,0.0,0.0,1.2910559,0.0,-1
41,0.0,0.18958735,0.0,0.0,0.0,1.2769701,0.0,0.0,0.74205124,0.0,0.0,0.0,0.84262294,0.0,0.015044287,0.0,0.0,0.0,0.0,0.8138202,0.0,0.0,0.0,0.0,1.2460763,0.0,1.1561735,0.0,0.0,0.0,0.0,0.5929338,0.0,-1
42,0.3028079,0.47488117,0.15386914,0.0,0.19103813,0.94328177,0.25154054,0.19007276,0.56144804,0.1556327,0.3153513,0.24409309,0.63805133,0.0,0.30767924,0.27253768,0.0,0.0,0.19137585,0.5696154,0.20491233,0.18885817,0.0,0.0,0.99675333,0.27709183,0.90280867,0.0,0.0,0.25601894,0.16346677,0.54716575,0.0,-1
43,0.0,0.32109612,0.028995432,0.0,0.0,1.1541225,0.03809938,0.0014895312,0.74133044,0.13213931,0.046779558,0.037885457,0.77996284,0.0,0.060733005,0.0,0.0,0.0,0.0,0.68398124,0.027297854,0.0,0.0,0.0,1.2579619,0.0,1.1774322,0.0,0.0,0.21978395,0.0458093,0.54665387,0.0,-1
44,0.16079274,0.31904715,0.11792727,0.0,0.05574246,0.96939415,0.26123095,0.19112037,0.7025757,0.14278753,0.24528535,0.071835175,0.764919,0.0,0.108610064,0.22195864,0.0,0.0,0.13397536,0.61942863,0.1381706,0.1288042,0.0,0.0,1.1537225,0.1514587,0.9720126,0.0,0.0,0.29104882,0.02457832,0.51616895,0.0,-1
45,0.006091101,0.30167395,0.0,0.0,0.041559298,1.1101323,0.105360046,0.01194177,0.78783983,0.121707134,0.08798967,0.0,0.7562037,0.0,0.111061774,0.051604502,0.0,0.0,0.016533695,0.7048491,0.0,0.037097175,0.0,0.0,1.2622844,0.07081655,1.1697996,0.0,0.0,0.11271313,0.0,0.5603002,0.0,-1
46,0.0,0.45465416,0.0,0.0,0.0,1.3551778,0.13080566,0.016359659,0.9066565,0.070909634,0.0,0.0,0.9986525,0.0,0.047539838,0.018045321,0.0,0.0,0.0,0.8602003,0.01081793,0.0,0.0,0.0,1.4895786,0.03575498,1.5632021,0.0,0.0,0.11402256,0.121849254,0.8790738,0.0,-1
47,0.6867965,1.1182119,0.42159885,0.0,0.38002536,1.0563912,0.7175865,0.6942607,0.41598418,0.47915274,0.51818603,0.7062042,0.5560194,0.0,0.6502099,0.60678995,0.0,0.0,0.60069823,0.6216949,0.45553735,0.6190866,0.0,0.0,0.9617575,0.7247422,1.1245416,0.0,0.0,0.71002716,0.563357,0.6761542,0.0,-1
48,0.12393503,0.34514084,0.19710685,0.0,0.06586099,1.2708868,0.47920203,0.22495337,0.6664163,0.12424807,0.29599035,0.29400173,0.83258486,0.0,0.2664417,0.013007507,0.0,0.0,0.097206004,0.8260698,0.055546097,0.28853938,0.0,0.0,1.3051548,0.37000006,1.4124869,0.0,0.0,0.26600885,0.07949454,0.6770745,0.0,-1
49,0.18683857,0.578231,0.058124818,0.0,0.06644169,1.320202,0.0932257,0.07985425,0.7047128,0.07548848,0.07841043,0.12902957,0.8958268,0.0,0.15460923,0.10145203,0.0,0.0,0.08362653,0.8606881,0.058088228,0.05997784,0.0,0.0,1.3604019,0.13123713,1.3085763,0.0,0.0,0.21794596,0.12330728,0.72644097,0.0,-1
50,0.05464941,0.6093658,0.106304005,0.0,0.031839244,1.9034113,0.60206294,0.13354921,1.2686433,0.14320092,0.12037629,0.0,1.367631,0.0,0.26734787,0.01519113,0.0,0.0,0.0,1.311982,0.12055253,0.16368802,0.0,0.0,2.0893242,0.31480694,2.064318,0.0,0.0,0.37600103,0.07423385,1.0943575,0.0,-1
51,0.0,0.0,0.0,0.0,0.0,1.661289,0.0,0.0,1.0266222,0.0,0.0,0.0,1.146289,0.0,0.0,0.0,0.0,0.0,0.0,1.1984643,0.0,0.0,0.0,0.0,1.7208838,0.0,1.7305114,0.0,0.0,0.0,0.0,0.88359505,0.0,-1
52,0.3878821,0.8944144,0.2671752,0.0,0.20692919,0.8698552,0.51659364,0.3612098,0.51245224,0.45366818,0.3094566,0.43195325,0.63264644,0.0,0.4150555,0.41830796,0.0,0.0,0.32844678,0.5127295,0.28869557,0.33429602,0.0,0.0,0.98607296,0.4649469,1.0297261,0.0,0.0,0.49555236,0.29193282,0.551188,0.0,-1
53,0.0,0.30016428,0.0,0.0,0.0,1.6118294,0.0,0.0,0.9713691,0.0,0.0,0.014437592,1.1117784,0.0,0.0,0.0,0.0,0.0,0.0,1.1627005,0.0,0.0,0.0,0.0,1.6482841,0.0049349144,1.7380482,0.0,0.0,0.0,0.0,0.76285577,0.0,-1
54,0.58609164,0.86776114,0.36320522,0.0,0.31405312,1.1590227,0.58980536,0.4596716,0.53450984,0.41733128,0.5540997,0.5433265,0.69061184,0.0,0.5900616,0.51726896,0.0,0.0,0.4568242,0.6216721,0.32183692,0.45109195,0.0,0.0,1.0788399,0.5453558,1.1640091,0.0,0.0,0.6100193,0.35906336,0.5852716,0.0,-1
55,0.40092745,0.73566794,0.21963117,0.0,0.1764194,1.7705243,0.5413456,0.3673788,0.93331105,0.16647302,0.16376328,0.23966712,1.1968153,0.0,0.090644956,0.37047946,0.0,0.0,0.28787938,1.0058879,0.1534872,0.128807,0.0,0.0,1.6962637,0.41704795,1.8783026,0.0,0.0,0.39957172,0.13799983,0.93785983,0.0,-1
56,0.31590402,0.7447809,0.23294005,0.0,0.26717904,1.102764,0.29856133,0.32614246,0.58808297,0.32001865,0.29626328,0.37186044,0.6521047,0.0,0.40858126,0.30699593,0.0,0.0,0.3085019,0.7488666,0.2670481,0.27267998,0.0,0.0,1.1698248,0.4153832,1.1500175,0.0,0.0,0.42827067,0.27915105,0.53089577,0.0,-1
57,0.2917912,0.67359805,0.14805382,0.0,0.15442187,1.510018,0.11996822,0.08042228,0.73671323,0.046318017,0.09016944,0.20258114,0.9585466,0.0,0.11814086,0.12010941,0.0,0.0,0.22547239,0.95975125,0.06384189,0.0650519,0.0,0.0,1.4863483,0.18610439,1.5885783,0.0,0.0,0.05884078,0.19418384,0.72588754,0.0,-1
58,0.0,0.0,0.0,0.0,0.0,1.990202,0.0,0.0,1.2250575,0.0,0.0,0.0,1.4145157,0.0,0.0,0.0,0.0,0.0,0.0,1.4494858,0.0,0.0,0.1184543,0.0,1.9866694,0.0,1.9120939,0.0,0.0,0.0,0.0,1.153544,0.0,-1
59,1.4454412,2.4013574,1.4366525,0.0,1.0605211,0.84826803,1.9599707,1.7280529,0.13790992,1.4887794,1.4599127,1.9360685,0.2456041,0.0,1.8193308,1.6450589,0.0,0.0,1.7579608,0.3953372,1.6073731,1.5624694,0.0,0.0,0.7661957,1.9595308,1.1369169,0.0,0.0,1.7615165,1.3943921,0.41937745,0.0,-1
60,0.0,0.0,0.0,0.0,0.0,1.6428208,0.0,0.0,1.190358,0.0,0.0,0.0,1.3026841,0.0,0.0,0.0,0.0,0.0,0.0,1.149375,0.0,0.0,0.23105562,0.0,1.7878342,0.0,1.536082,0.0,0.0,0.0,0.0,0.83381665,0.0,-1
61,0.0,0.098222315,0.0,0.0,0.0,1.7973539,0.0,0.0,1.1067897,0.0,0.0,0.0,1.1518682,0.0,0.0,0.0,0.0,0.0,0.0,1.3076111,0.0,0.0,0.0,0.0,1.8652539,0.0,1.8070282,0.0,0.0,0.0,0.0,0.8476071,0.0,-1
62,1.288732,1.9889064,1.070043,0.0,0.7897935,0.57534146,1.344996,1.4075419,0.0,1.1362005,1.1665214,1.5269814,0.22621065,0.0,1.2989938,1.2918423,0.0,0.0,1.2871794,0.19382304,1.2010037,1.1282796,0.0,0.0,0.5677179,1.3614001,0.80512035,0.0,0.0,1.3903974,1.016624,0.29478508,0.0,-1
63,0.5451106,0.97809076,0.50302166,0.0,0.39763695,0.8486683,0.512568,0.59404033,0.47684819,0.5056433,0.45265853,0.70922303,0.5995653,0.0,0.5118708,0.6441979,0.0,0.0,0.53628767,0.5863549,0.48577777,0.44839883,0.0,0.0,0.9682079,0.63969934,1.0497904,0.0,0.0,0.58809155,0.4972403,0.38613528,0.0,-1
64,0.0,0.0,0.0,0.0,0.0,1.431971,0.0,0.0,0.88934374,0.0,0.0,0.0,0.9613242,0.0,0.0,0.0,0.0,0.0,0.0,0.9329988,0.0,0.0,0.0,0.0,1.5027541,0.0,1.4023329,0.0,0.0,0.0,0.0,0.7782279,0.0,-1
65,0.017615797,0.050510503,0.0,0.0,0.0,1.3384562,0.0,0.0,0.8591937,0.0,0.040334616,0.0,0.9035957,0.0,0.0,0.0,0.0,0.0,0.0,0.9676046,0.07975236,0.0,0.0,0.0,1.43889,0.0,1.3025526,0.0,0.0,0.027767736,0.0,0.5857933,0.0,-1
66,0.10654801,0.5643112,0.12379647,0.0,0.06911796,1.4367908,0.26263714,0.13257866,0.7493497,0.20199192,0.111333266,0.17418684,0.99105495,0.0,0.12033051,0.15412037,0.0,0.0,0.052157413,0.9337893,0.06861391,0.094734564,0.0,0.0,1.5039531,0.24751002,1.5523566,0.0,0.0,0.30405787,0.13690132,0.823692,0.0,-1
67,0.0,0.1337416,0.0,0.0,0.0,1.3691007,0.0,0.0,0.80047345,0.0,0.0,0.0,0.91880333,0.0,0.0,0.0,0.0,0.0,0.0,0.8646948,0.0,0.0,0.0,0.0,1.4007392,0.0,1.3272223,0.0,0.0,0.0,0.004128389,0.6291738,0.0,-1
68,0.0,0.13867386,0.0,0.0,0.0014346475,1.4428184,0.0,0.0,0.9693607,0.0,0.0,0.0,1.0475224,0.0,0.0,0.0,0.0,0.0,0.0,1.1031481,0.0,0.0,0.0,0.0,1.6440594,0.0,1.6609176,0.0,0.0,0.0,0.0,0.8163724,0.0,-1
69,0.20842224,0.52542734,0.103153765,0.0,0.0,1.4024063,0.08784445,0.07535846,0.6799064,0.044591896,0.074632205,0.2416659,0.8548136,0.0,0.09561349,0.13185768,0.0,0.0,0.25818467,0.79758555,0.012929514,0.018161226,0.0,0.0,1.2857503,0.14752696,1.4526459,0.0,0.0,0.012023333,0.124857195,0.6620717,0.0,-1
70,0.023253571,0.24891892,0.0,0.0,0.0,1.1309608,0.0,0.0,0.6308747,0.0,0.0,0.033492792,0.7889019,0.0,0.0,0.0,0.0,0.0,0.0,0.8219763,0.0,0.0,0.0,0.0,1.1615611,0.00335861,1.1781727,0.0,0.0,0.0,0.050821293,0.5384299,0.0,-1
71,0.07686591,0.3160201,0.033687994,0.0,0.11358548,1.0691088,0.0,0.0,0.61172146,0.0,0.009538062,0.039947495,0.75888956,0.0,0.07895076,0.1358196,0.0,0.0,0.0,0.6752569,0.0,0.0,0.0,0.0,1.089049,0.06526019,1.0019382,0.0,0.0,0.04545083,0.037795372,0.55595636,0.0,-1
72,0.9261042,1.5907103,0.77318776,0.0,0.52599543,0.8708211,1.1561371,0.9873249,0.26567867,0.8377089,0.8495727,1.118083,0.44060344,0.0,0.95949924,0.8835363,0.0,0.0,0.9170167,0.4195003,0.80879444,0.91142404,0.0,0.0,0.84413475,1.0651699,1.0572839,0.0,0.0,1.0154991,0.724484,0.59459347,0.0,-1
73,0.0,0.119465165,0.02099964,0.0,0.0,1.5221417,0.0,0.0,0.96373796,0.0,0.0,0.0,1.0987643,0.0,0.0,0.0,0.0,0.0,0.0,1.1155477,0.0,0.0,0.0,0.0,1.6695502,0.0,1.6410267,0.0,0.0,0.0,0.0,0.7532983,0.0,-1
74,0.0992327,0.45535982,0.08642676,0.0,0.039562143,1.8998655,0.07715875,0.0,1.1135769,0.0,0.0,0.02804905,1.3504187,0.0,0.0,0.0,0.0,0.0,0.11444098,1.2645094,0.0,0.0,0.0,0.0,1.9495639,0.055667832,2.0322018,0.0,0.0,0.0,0.0008858554,1.0112116,0.0,-1
75,0.0,0.0,0.0,0.0,0.0,1.3793848,0.0,0.0,0.9743051,0.0,0.0,0.0,1.0665076,0.0,0.0,0.0,0.0,0.0,0.0,1.0183299,0.0,0.0,0.11768932,0.0,1.5559014,0.0,1.3342482,0.0,0.0,0.0,0.0,0.73171544,0.0,-1
76,0.6233838,0.7594271,0.46004388,0.0,0.27554396,1.0648905,0.6894228,0.58152604,0.4158121,0.30108392,0.7142381,0.6549685,0.58621675,0.0,0.6319777,0.52500975,0.0,0.0,0.5179759,0.62448144,0.50466347,0.53831726,0.0,0.0,1.0108718,0.61077356,1.1473444,0.0,0.0,0.5470429,0.33922172,0.46897864,0.0,-1
77,0.35669196,0.7347454,0.2727845,0.0,0.17655487,1.4507121,0.31851947,0.22113785,0.6107939,0.1678959,0.2462589,0.34635726,0.8238153,0.0,0.2899199,0.2518807,0.0,0.0,0.330445,0.8510922,0.18902466,0.24483009,0.0,0.0,1.3195429,0.4353893,1.3705355,0.0,0.0,0.24196063,0.20082906,0.78803694,0.0,-1
78,0.33001247,0.6139599,0.3906716,0.0,0.25151423,1.0297835,0.43884683,0.4355142,0.7120774,0.35534954,0.39278442,0.41668034,0.75644785,0.0,0.31924856,0.48614648,0.0,0.0,0.46674097,0.6613852,0.3884861,0.3172935,0.0,0.0,1.1666797,0.38924333,1.2258168,0.0,0.0,0.38061383,0.20538662,0.35149068,0.0,-1
79,0.0,0.0,0.0,0.0,0.0,1.286405,0.0,0.0,0.88526595,0.0,0.0,0.0,1.0036772,0.0,0.0,0.0,0.0,0.0,0.0,0.91618514,0.0,0.0,0.026917912,0.0,1.3808992,0.0,1.2583448,0.0,0.0,0.0,0.0,0.5648743,0.0,-1
80,0.054723375,0.4452285,0.0004200423,0.0,0.06294684,1.2401531,0.00883013,0.0,0.74967486,0.118358836,0.017916352,0.028783193,0.94446003,0.0,0.11627793,0.042090833,0.0,0.0,0.0,0.7920213,0.0,0.0,0.0,0.0,1.3093047,0.110209495,1.2492703,0.0,0.0,0.16416411,0.073637694,0.62379825,0.0,-1
81,0.0,0.41819218,0.0,0.0,0.0,1.5757158,0.010945737,0.0,1.0182595,0.0,0.0,0.0,1.1414862,0.0,0.0,0.0,0.0,0.0,0.0,1.12659,0.0,0.0,0.0,0.0,1.698739,0.0,1.636823,0.0,0.0,0.025743581,0.024399191,1.0346515,0.0,-1
82,0.23815762,0.36936557,0.26536086,0.0,0.14917797,0.84218776,0.30874604,0.28840855,0.4790265,0.13605936,0.31233484,0.3776662,0.62412095,0.0,0.3120712,0.33781633,0.0,0.0,0.23743896,0.5955211,0.1323328,0.22186787,0.0,0.0,0.91791165,0.40828183,0.965151,0.0,0.0,0.32667345,0.14748403,0.33872253,0.0,-1
83,0.4662139,0.90765226,0.34437832,0.0,0.253057,1.176913,0.39695412,0.42543432,0.57728654,0.3387711,0.30288702,0.41340205,0.75349694,0.0,0.3711713,0.42084435,0.0,0.0,0.39183596,0.8138409,0.3564393,0.3367377,0.0,0.0,1.1868634,0.425741,1.2955707,0.0,0.0,0.44504222,0.3782235,0.60471714,0.0,-1
84,0.43803793,0.7181599,0.2649028,0.0,0.22306098,1.2769879,0.34753978,0.29524022,0.54385257,0.18251327,0.34484637,0.46658894,0.7895177,0.0,0.33937258,0.36876515,0.0,0.0,0.33049142,0.8022904,0.23350626,0.23158063,0.0,0.0,1.1830955,0.40067396,1.3798826,0.0,0.0,0.29988194,0.25243402,0.62609607,0.0,-1
85,0.20742364,0.42883965,0.020572852,0.0,0.05589907,1.2707849,0.051498666,0.07697173,0.61272955,0.013384506,0.13462867,0.18966924,0.94047725,0.0,0.11282328,0.07513523,0.0,0.0,0.055475377,0.8694183,0.0071404427,0.021468814,0.0,0.0,1.2820463,0.13297722,1.3312259,0.0,0.0,0.18108667,0.12464202,0.67306787,0.0,-1
86,0.0,0.0,0.0,0.0,0.0,1.6905879,0.0,0.0,0.95214117,0.0,0.0,0.0,1.230326,0.0,0.0,0.0,0.0,0.0,0.0,1.1677119,0.0,0.0,0.0,0.0,1.7173667,0.0,1.7421112,0.0,0.0,0.0,0.0,0.8557434,0.0,-1
87,0.0,0.14968336,0.0,0.0,0.0,1.3966465,0.0,0.0,0.86179966,0.0,0.0,0.0,1.0098338,0.0,0.0,0.0,0.0,0.0,0.0,0.957836,0.0,0.0,0.0,0.0,1.4544675,0.0,1.4527996,0.0,0.0,0.0,0.0,0.65042007,0.0,-1
88,0.12335333,0.3941688,0.07494775,0.0,0.06313936,1.1938463,0.0,0.0,0.6216047,0.0,0.016839363,0.09006296,0.7457378,0.0,0.0,0.06934069,0.0,0.0,0.077473395,0.80645746,0.0,0.008514773,0.0,0.0,1.1925654,0.09974462,1.1888723,0.0,0.0,0.0,0.0,0.5982431,0.0,-1
89,0.4535226,0.8432839,0.26379868,0.0,0.26443425,1.3327742,0.4417305,0.41906035,0.6802905,0.2978109,0.33022535,0.3759125,0.8616256,0.0,0.38623226,0.3552213,0.0,0.0,0.32810575,0.81442904,0.26715133,0.30818722,0.0,0.0,1.3139843,0.42616645,1.3832877,0.0,0.0,0.49012527,0.29713184,0.7160471,0.0,-1
90,0.0,0.0,0.0,0.0,0.0,1.6315646,0.0,0.0,1.0691046,0.0,0.0,0.0,1.2044699,0.0,0.0,0.0,0.0,0.0,0.0,1.2012627,0.0,0.0,0.058880232,0.0,1.6918315,0.0,1.6130489,0.0,0.0,0.0,0.0,0.7591742,0.0,-1
91,0.1878519,0.472338,0.35043195,0.0,0.21362002,1.3833662,0.40552264,0.40410337,0.8790295,0.109275945,0.25952816,0.28258607,1.1069075,0.0,0.21441965,0.32396367,0.0,0.0,0.24086219,0.93899226,0.2958385,0.26346773,0.0,0.0,1.6049786,0.28243405,1.7029216,0.0,0.0,0.26815012,0.18259554,0.584697,0.0,-1
92,0.0,0.0,0.0,0.0,0.0,1.7999419,0.0,0.0,1.098973,0.0,0.0,0.0,1.2360611,0.0,0.0,0.0,0.0,0.0,0.0,1.3036035,0.0,0.0,0.011998542,0.0,1.8666304,0.0,1.8315424,0.0,0.0,0.0,0.0,1.0247082,0.0,-1
93,0.54908925,0.6990856,0.45071268,0.0,0.22706379,1.2018161,0.7233569,0.557162,0.5451619,0.35101312,0.6037386,0.6170187,0.6581686,0.0,0.5797792,0.5793872,0.0,0.0,0.46295792,0.5885688,0.3203782,0.47278547,0.0,0.0,1.0627942,0.6237452,1.264745,0.0,0.0,0.636589,0.26247078,0.6210462,0.0,-1
94,0.013182806,0.38296005,0.007408445,0.0,0.0,1.2868444,0.0,0.0,0.75333035,0.0,0.0,0.0,0.88228637,0.0,0.0,0.07604174,0.0,0.0,0.00688566,0.7474044,0.0,0.0,0.0,0.0,1.3710296,0.0,1.3326442,0.0,0.0,0.0,0.09667181,0.59984404,0.0,-1
95,0.0,0.25289595,0.0,0.0,0.0,1.5616192,0.0,0.0,0.872449,0.0,0.0,0.0,1.0142549,0.0,0.0,0.0,0.0,0.0,0.0,1.0427406,0.0,0.0,0.0,0.0,1.5801634,0.0,1.4938195,0.0,0.0,0.0,0.0,0.9563602,0.0,-1
96,2.0579941,2.5219698,1.7694861,0.0,1.2838691,0.0,2.2463207,2.348387,0.0,1.7336913,2.1908803,2.410048,0.0,0.0,2.1830633,2.219831,0.0,0.0,1.997187,0.0,1.9132429,1.8518156,0.0,0.0,0.0,2.1365635,0.008249288,0.0,0.0,2.338809,1.5827223,0.0,0.0,-1
97,0.0,0.0,0.0,0.0,0.0,1.9330171,0.0,0.0,1.2660034,0.0,0.0,0.0,1.3916621,0.0,0.0,0.0,0.0,0.0,0.0,1.3261673,0.0,0.0,0.046489276,0.0,1.9970849,0.0,1.8750484,0.0,0.0,0.0,0.0,0.9973008,0.0,-1
98,0.0,0.1028149,0.0,0.0,0.0,1.4935603,0.0,0.0,0.81131417,0.0,0.0,0.0,1.0566062,0.0,0.0,0.0,0.0,0.0,0.0,1.0257573,0.0,0.0,0.0,0.0,1.5507425,0.0,1.4695605,0.0,0.0,0.0,0.0,0.798071,0.0,-1
99,0.28286892,0.8716116,0.27407953,0.0,0.17462955,1.2807009,0.38500255,0.38589627,0.8853484,0.44933963,0.19192727,0.28286383,0.87921923,0.0,0.3598851,0.30374193,0.0,0.0,0.3200659,0.8113038,0.2905873,0.26941353,0.0,0.0,1.4802431,0.3420739,1.4737498,0.0,0.0,0.46642292,0.2927942,0.5446487,0.0,-1
100,0.0,0.05627346,0.0,0.0,0.0,1.99488,0.0,0.0,1.1658134,0.0,0.0,0.0,1.3328289,0.0,0.0,0.0,0.0,0.0,0.0,1.305189,0.0,0.0,0.0,0.0,1.9609556,0.0,2.0006468,0.0,0.0,0.0,0.0,0.96357995,0.0,-1
101,0.1634482,0.607,0.18440323,0.0,0.052964635,1.0685273,0.11086701,0.10790239,0.56846684,0.21190858,0.047871124,0.2402465,0.68457365,0.0,0.18352905,0.19674113,0.0,0.0,0.13029724,0.648011,0.13767987,0.013416987,0.0,0.0,1.0737816,0.2410945,1.063977,0.0,0.0,0.2314448,0.14447483,0.53506875,0.0,-1
102,0.3105866,0.89838076,0.33007303,0.0,0.16054833,1.0786341,0.5672959,0.31233156,0.6125619,0.392254,0.20716935,0.4659305,0.74092543,0.0,0.36793047,0.3572606,0.0,0.0,0.3246514,0.71237606,0.2814223,0.3670142,0.0,0.0,1.1957833,0.53024185,1.2728908,0.0,0.0,0.39341557,0.2194059,0.6989308,0.0,-1
103,0.0,0.0,0.0,0.0,0.0,1.9886639,0.0,0.0,1.2803824,0.0,0.0,0.0,1.5316021,0.0,0.0,0.0,0.0,0.0,0.0,1.4902296,0.0,0.0,0.028585326,0.0,2.1758971,0.0,2.1252332,0.0,0.0,0.0,0.0,0.9772612,0.0,-1
104,0.0,0.1844897,0.01737534,0.0,0.0,1.3900926,0.0,0.0,0.8919798,0.0,0.0,0.0,0.94929916,0.0,0.0,0.09652647,0.0,0.0,0.008886564,0.88360924,0.0,0.0,0.0,0.0,1.4716246,0.0,1.5677277,0.0,0.0,0.0,0.0,0.60948753,0.0,-1
105,0.0,0.0,0.0,0.0,0.0,2.0232193,0.0,0.0,1.3369875,0.0,0.0,0.0,1.4250511,0.0,0.0,0.0,0.0,0.0,0.0,1.461208,0.0,0.0,0.052939937,0.0,2.161002,0.0,1.9878926,0.0,0.0,0.0,0.0,0.9417746,0.0,-1
106,0.01493695,0.17412263,0.0088480245,0.0,0.029783972,1.4272962,0.0,0.0,0.9157764,0.0,0.0,0.0,0.9486559,0.0,0.0,0.008429363,0.0,0.0,0.0,0.9714632,0.0,0.0,0.0,0.0,1.4995086,0.0,1.522613,0.0,0.0,0.0,0.0,0.5457079,0.0,-1
107,0.09026159,0.30395967,0.0,0.0,0.042838946,1.587289,0.28744614,0.0,0.8567767,0.04439363,0.14308037,0.08912155,1.1700811,0.0,0.22156632,0.044803284,0.0,0.0,0.0,0.99874043,0.0,0.025865804,0.0,0.0,1.5974183,0.25479048,1.555944,0.0,0.0,0.2398875,0.008375928,0.9851861,0.0,-1
108,0.0715533,0.20376012,0.0,0.0,0.021868637,1.1007177,0.03927782,0.0825251,0.7448315,0.033158824,0.1203842,0.0,0.80029005,0.0,0.013596334,0.08296418,0.0,0.0,0.0,0.684925,0.036099873,0.01936033,0.009242073,0.0,1.2484068,0.0,1.0667362,0.0,0.0,0.14481568,0.0,0.5266357,0.0,-1
109,0.08540275,0.26526278,0.0,0.0,0.0035565281,1.2180537,0.16843002,0.0,0.7435038,0.056603827,0.12830448,0.0,0.95491636,0.0,0.23839249,0.0,0.0,0.0,0.0,0.8360224,0.0,0.002012536,0.0,0.0,1.2838819,0.11189732,1.1205174,0.0,0.0,0.19116892,0.0,0.65025425,0.0,-1
110,0.3174802,0.7892467,0.07581789,0.0,0.19623983,1.984278,0.4271828,0.19016713,1.1637994,0.14660046,0.014475554,0.020434193,1.4139804,0.0,0.13513893,0.19768046,0.0,0.0,0.14797032,1.2473257,0.06865064,0.1611485,0.0,0.0,1.9665029,0.29994074,1.978949,0.0,0.0,0.4592749,0.21455179,1.197366,0.0,-1
111,0.4298378,0.96885955,0.2913774,0.0,0.14473033,1.2974032,0.57149863,0.49644575,0.5485915,0.4491195,0.4087929,0.44070846,0.6832618,0.0,0.56617486,0.39361012,0.0,0.0,0.35689947,0.57651836,0.29573366,0.27441654,0.0,0.0,1.1565645,0.52536225,1.2378434,0.0,0.0,0.72143227,0.29221493,0.6400927,0.0,-1
112,0.0,0.25700766,0.0,0.0,0.0067415093,1.2580858,0.0,0.0,0.76722294,0.0,0.0,0.0,0.86492854,0.0,0.0,0.0,0.0,0.0,0.0,0.88675517,0.0,0.0,0.0,0.0,1.3224093,0.0,1.3140864,0.0,0.0,0.0,0.013015004,0.6130147,0.0,-1
113,0.22187316,0.67007864,0.17186898,0.0,0.12267672,1.1021546,0.25686252,0.1417536,0.6573995,0.22685632,0.16710776,0.2529304,0.734879,0.0,0.17783162,0.30536658,0.0,0.0,0.19192201,0.639713,0.19214225,0.1404093,0.0,0.0,1.192736,0.38209674,1.1663536,0.0,0.0,0.22392742,0.20440821,0.7114134,0.0,-1
114,0.20857899,0.51428574,0.06155428,0.0,0.1589756,1.0848318,0.06591502,0.14159262,0.5897709,0.09930465,0.200381,0.16948265,0.75124526,0.0,0.20714992,0.14143322,0.0,0.0,0.107382074,0.7471043,0.10535569,0.058577795,0.0,0.0,1.1015208,0.19021234,1.1418883,0.0,0.0,0.18785627,0.17809522,0.5233682,0.0,-1
115,0.2444391,0.38095427,0.096016124,0.0,0.10498226,1.0699261,0.27600616,0.23169428,0.55967635,0.111224875,0.34868324,0.17296913,0.6962881,0.0,0.2842266,0.1281731,0.0,0.0,0.17296427,0.69266385,0.1494857,0.19971217,0.0,0.0,1.0518183,0.24047539,0.9959625,0.0,0.0,0.29764584,0.12841816,0.51063937,0.0,-1
116,1.7488786,2.2475255,1.6373945,0.0,1.0561712,0.117256254,2.2539039,2.0871542,0.0,1.554785,1.8967165,2.1772537,0.0,0.0,1.9338137,1.9093834,0.0,0.0,1.7627385,0.0,1.6086886,1.7240902,0.0,0.0,0.0,1.9882205,0.43470398,0.0,0.0,1.970382,1.3763239,0.16197139,0.0,-1
117,0.0,0.0,0.0,0.0,0.0,1.5163373,0.0,0.0,1.0153587,0.0,0.0,0.0,1.1676797,0.0,0.0,0.0,0.0,0.0,0.0,1.1381439,0.0,0.0,0.049594305,0.0,1.6899838,0.0,1.5811642,0.0,0.0,0.0,0.0,0.7854233,0.0,-1
118,0.47604078,0.8192556,0.2917024,0.0,0.29408044,1.0277717,0.604507,0.4516652,0.55654776,0.43685347,0.57567054,0.44854727,0.7815924,0.0,0.62973785,0.39732036,0.0,0.0,0.36642686,0.5933092,0.4161494,0.40191773,0.0,0.0,1.0878953,0.5342276,1.0273359,0.0,0.0,0.6760437,0.35509568,0.5809636,0.0,-1
119,1.1261092,1.7182841,1.098992,0.0,0.7311117,0.3021159,1.4126235,1.2348437,0.0,1.1080863,1.2738894,1.4360188,0.039993588,0.0,1.335087,1.3392861,0.0,0.0,1.2565672,0.0,1.1684302,1.0271724,0.0,0.0,0.3034531,1.4110075,0.5482445,0.0,0.0,1.254676,1.0178715,0.14267789,0.0,-1
120,0.0,0.49570486,0.0,0.0,0.0,1.7828062,0.0,0.0,0.9292994,0.0,0.0,0.0,1.1007767,0.0,0.0,0.0,0.0,0.0,0.0,1.2031118,0.0,0.0,0.0,0.0,1.7914671,0.0,1.8492801,0.0,0.0,0.0,0.01272142,1.0081177,0.0,-1
121,0.18280745,0.4029489,0.18959397,0.0,0.13628446,1.0613778,0.18708913,0.19802243,0.68973136,0.17180969,0.23408842,0.17331284,0.7531911,0.0,0.21365625,0.20813373,0.0,0.0,0.21128322,0.722738,0.10856276,0.1474588,0.0,0.0,1.1554319,0.23202759,1.1945522,0.0,0.0,0.22533296,0.06014161,0.39634776,0.0,-1
122,0.0,0.0838108,0.0,0.0,0.0,1.643324,0.0,0.0,0.966711,0.0,0.0,0.0,1.1313832,0.0,0.0,0.0,0.0,0.0,0.0,1.1307504,0.0,0.0,0.0,0.0,1.6210726,0.0,1.6547168,0.0,0.0,0.0,0.0,0.75018764,0.0,-1
123,0.06750958,0.38337216,0.039887838,0.0,0.08536687,1.7943752,0.2526887,0.017825758,0.9021328,0.0,0.16635728,0.0,1.2137859,0.0,0.22897002,0.0,0.0,0.0,0.0,1.1702498,0.016811714,0.07750641,0.0,0.0,1.7299447,0.21137258,1.6934841,0.0,0.0,0.23481004,0.0,1.0007656,0.0,-1
124,0.0,0.1106269,0.0,0.0,0.0,1.2418742,0.0,0.0,0.7988068,0.0,0.0,0.0,0.9500236,0.0,0.0,0.0,0.0,0.0,0.0,0.90784407,0.0,0.0,0.0,0.0,1.338505,0.0,1.3007451,0.0,0.0,0.0,0.0,0.7071242,0.0,-1
125,0.73551893,1.0405686,0.5181502,0.0,0.58458745,0.98030835,0.70178765,0.77430433,0.41642088,0.521616,0.6715095,0.7963728,0.52059746,0.0,0.660805,0.76916254,0.0,0.0,0.67105055,0.6282037,0.59854937,0.6368036,0.0,0.0,1.0243772,0.74842155,1.1576247,0.0,0.0,0.6479443,0.60329187,0.43116665,0.0,-1
126,0.0,0.062431745,0.0,0.0,0.0,1.6422923,0.0,0.0,1.0321766,0.0,0.0,0.0,1.1514226,0.0,0.0,0.0,0.0,0.0,0.0,0.97718096,0.0,0.0,0.0,0.0,1.7114028,0.0,1.5354978,0.0,0.0,0.0,0.0,0.7486933,0.0,-1
127,0.0,0.26092198,0.0,0.0,0.0,1.3540002,0.0,0.0,0.85006773,0.0074440986,0.0,0.0,0.9677106,0.0,0.0,0.0,0.0,0.0,0.0,0.8671051,0.0,0.0,0.0,0.0,1.4048479,0.0,1.3287215,0.0,0.0,0.047786422,0.0,0.6008284,0.0,-1
128,0.0,0.0,0.0,0.0,0.0,1.8955814,0.0,0.0,1.0959529,0.0,0.0,0.0,1.2588874,0.0,0.0,0.0,0.0,0.0,0.0,1.352658,0.0,0.0,0.0,0.0,1.8546171,0.0,1.7647805,0.0,0.0,0.0,0.0,0.96602964,0.0,-1
129,0.0,0.068091854,0.0,0.0,0.0,1.890116,0.0,0.0,1.0753602,0.0,0.0,0.0,1.3548855,0.0,0.0,0.0,0.0,0.0,0.0,1.3339459,0.0,0.0,0.0,0.0,1.9424063,0.0,1.9336942,0.0,0.0,0.0,0.0,0.9617472,0.0,-1
130,0.7351594,1.1885071,0.50245553,0.0,0.44421247,0.9679464,0.7043678,0.7359671,0.32172313,0.62641007,0.67248577,0.80325663,0.58180606,0.0,0.79564404,0.67830354,0.0,0.0,0.5842879,0.53684705,0.58011705,0.5711943,0.0,0.0,0.8869573,0.79115486,1.0146632,0.0,0.0,0.8692396,0.5203815,0.49576837,0.0,-1
131,0.0,0.0,0.0,0.0,0.0,1.4070159,0.0,0.0,0.81437606,0.0,0.0,0.0,0.9770194,0.0,0.0,0.0,0.0,0.0,0.0,0.8905768,0.0,0.0,0.0,0.0,1.3756428,0.0,1.3813258,0.0,0.0,0.0,0.0,0.6900085,0.0,-1
132,0.5701972,1.0389067,0.44389358,0.0,0.33642527,1.3009913,0.54511213,0.542357,0.49275833,0.4370277,0.5629312,0.6269634,0.60191625,0.0,0.6538871,0.5670129,0.0,0.0,0.56038815,0.7011031,0.46726575,0.4640836,0.0,0.0,1.0588908,0.67474055,1.2383552,0.0,0.0,0.5916019,0.49529126,0.57112944,0.0,-1
133,0.0,0.0,0.0,0.0,0.0,1.6136618,0.0,0.0,1.1233974,0.0,0.0,0.0,1.2234737,0.0,0.0,0.0,0.0,0.0,0.0,1.2531257,0.0,0.0,0.06986074,0.0,1.7751069,0.0,1.7041922,0.0,0.0,0.0,0.0,0.76615673,0.0,-1
134,0.29753885,0.5165459,0.22783896,0.0,0.22424883,1.0042802,0.3061328,0.34862527,0.56414896,0.15682203,0.3482769,0.31025097,0.70398843,0.0,0.27527058,0.34094715,0.0,0.0,0.2728353,0.6624106,0.24584174,0.22478823,0.0,0.0,1.0952414,0.30574954,1.1571536,0.0,0.0,0.24553452,0.25013143,0.45715052,0.0,-1
135,0.0,0.24709088,0.0,0.0,0.0,1.1609396,0.0,0.0,0.7965134,0.034829035,0.0,0.0,0.853835,0.0,0.0,0.045215152,0.0,0.0,0.022506747,0.80030376,0.0,0.0,0.0,0.0,1.2864622,0.05285299,1.2283989,0.0,0.0,0.0,0.0,0.52149934,0.0,-1
136,0.06842705,0.31094664,0.031698592,0.0,0.065923244,1.0555729,0.0,0.0,0.6146251,0.0,0.03462635,0.061353058,0.73579717,0.0,0.02273392,0.10362993,0.0,0.0,0.06527521,0.6988667,0.0,0.0,0.0,0.0,1.0952789,0.121694595,1.0486063,0.0,0.0,0.0,0.03493343,0.5098951,0.0,-1
137,0.21982248,0.47435552,0.0236914,0.0,0.0054852315,1.3410792,0.18262829,0.08247278,0.7052053,0.0012843758,0.06775634,0.06727943,0.8654355,0.0,0.02435372,0.0018957257,0.0,0.0,0.054980516,0.8885082,0.0,0.07550247,0.0,0.0,1.3117255,0.1606015,1.3621956,0.0,0.0,0.109973684,0.0076318067,0.857583,0.0,-1
138,0.0,0.0,0.0,0.0,0.0,2.0733147,0.0,0.0,1.2441262,0.0,0.0,0.0,1.4042618,0.0,0.0,0.0,0.0,0.0,0.0,1.5157614,0.0,0.0,0.05690103,0.0,2.0096743,0.0,1.9547738,0.0,0.0,0.0,0.0,1.0310714,0.0,-1
139,0.87318426,1.5164499,0.75317836,0.0,0.5232229,0.9718138,0.9134453,1.0191417,0.32228807,0.750925,0.8437534,1.0848608,0.47047693,0.0,0.89735943,0.88357604,0.0,0.0,0.8870934,0.6086932,0.8992764,0.77508146,0.0,0.0,0.94590056,0.98518634,1.2491195,0.0,0.0,0.8896719,0.80515826,0.4581291,0.0,-1
140,0.0,0.0,0.0,0.0,0.0,1.2992121,0.0,0.0,0.8986528,0.0,0.0,0.0,0.95067555,0.0,0.0,0.0,0.0,0.0,0.0,0.87863994,0.0,0.0,0.0,0.0,1.3744907,0.0,1.3299013,0.0,0.0,0.0,0.0,0.6632557,0.0,-1
141,0.09269257,0.49005327,0.0,0.0,0.04569725,1.5121232,0.0,0.0,0.7812132,0.0,0.0,0.060394466,1.0351449,0.0,0.0,0.0,0.0,0.0,0.0,1.0109416,0.0,0.0,0.0,0.0,1.5360442,0.08333795,1.535695,0.0,0.0,0.0,0.048103806,0.87910765,0.0,-1
142,0.16347343,0.30186462,0.09885271,0.0,0.09159535,1.3938688,0.16317321,0.10745709,0.9015747,0.020380072,0.111618705,0.017027207,1.0325496,0.0,0.066898346,0.13091187,0.0,0.0,0.12164761,0.9266829,0.077395566,0.06645967,0.0,0.0,1.4833268,0.11114557,1.5219171,0.0,0.0,0.088679604,0.0,0.61470395,0.0,-1
143,0.5186559,0.8091744,0.43786263,0.0,0.35092524,0.8898823,0.528929,0.50436693,0.47702557,0.3876869,0.56141764,0.6432626,0.59140176,0.0,0.51137376,0.6016753,0.0,0.0,0.5096074,0.48081905,0.39165866,0.42505646,0.0,0.0,0.9772239,0.5416404,1.010331,0.0,0.0,0.5051797,0.48905113,0.45133823,0.0,-1
144,0.0,0.0,0.0,0.0,0.0,1.6346517,0.0,0.0,1.0205303,0.0,0.0,0.0,1.2253095,0.0,0.0,0.0,0.0,0.0,0.0,1.2497298,0.0,0.0,0.0,0.0,1.7325195,0.0,1.7808766,0.0,0.0,0.0,0.0,0.9742282,0.0,-1
145,0.0,0.0,0.0,0.0,0.0,1.9308795,0.0,0.0,1.197564,0.0,0.0,0.0,1.3348843,0.0,0.0,0.0,0.0,0.0,0.0,1.361347,0.0,0.0,0.016823493,0.0,1.9951822,0.0,1.9809858,0.0,0.0,0.0,0.0,0.9274731,0.0,-1
146,0.3018907,0.4041467,0.1341169,0.0,0.254309,1.4552988,0.262747,0.1616437,0.83778423,0.0,0.23403077,0.19019845,1.1173156,0.0,0.17449792,0.31987634,0.0,0.0,0.15747584,0.94597673,0.08361704,0.10738698,0.0,0.0,1.5201448,0.2525252,1.648368,0.0,0.0,0.18972963,0.15719192,0.6924647,0.0,-1
147,0.10794477,0.26534843,0.0,0.0,0.0,1.087145,0.08723353,0.0,0.60312825,0.032455787,0.11625939,0.034763,0.77720565,0.0,0.065272436,0.033162475,0.0,0.0,0.0,0.6149663,0.0,0.0,0.0,0.0,1.0936517,0.05602187,0.9534687,0.0,0.0,0.17255232,0.0,0.5903307,0.0,-1
148,0.0,0.0,0.0,0.0,0.0,1.7825857,0.0,0.0,1.0909176,0.0,0.0,0.0,1.1710314,0.0,0.0,0.0,0.0,0.0,0.0,1.3386021,0.0,0.0,0.0014861114,0.0,1.8363391,0.0,1.773021,0.0,0.0,0.0,0.0,0.8364942,0.0,-1
149,0.20801075,0.4021875,0.056918662,0.0,0.050433002,1.2521989,0.3436507,0.031416386,0.6911105,0.17328064,0.2749208,0.22406925,0.9725894,0.0,0.3012056,0.090947196,0.0,0.0,0.10810009,0.7408825,0.09170171,0.09717585,0.0,0.0,1.2953825,0.26398534,1.1558892,0.0,0.0,0.32425052,0.09380314,0.7303744,0.0,-1
150,0.4372822,0.77863276,0.45299625,0.0,0.37487537,1.1649249,0.4535007,0.47795877,0.6328018,0.22300108,0.39937192,0.5324013,0.7301628,0.0,0.34677464,0.42133704,0.0,0.0,0.46525523,0.8189424,0.4561307,0.36451462,0.0,0.0,1.2849834,0.4927747,1.3652304,0.0,0.0,0.30609554,0.37254772,0.5076126,0.0,-1
151,1.4624993,2.017792,1.3398234,0.0,0.9534861,0.0,1.8926959,1.7056885,0.0,1.4479389,1.5832736,1.8354855,0.0,0.0,1.6568286,1.6791983,0.0,0.0,1.4555804,0.0,1.4135689,1.49235,0.0,0.0,0.11225512,1.7250135,0.35084432,0.0,0.0,1.7861913,1.1675805,0.17771907,0.0,-1
152,0.0,0.19666071,0.0,0.0,0.0,1.541358,0.0,0.0,0.9080589,0.0,0.0,0.0,1.0084302,0.0,0.0,0.0,0.0,0.0,0.0,1.0463996,0.0,0.0,0.0,0.0,1.513014,0.0,1.4568871,0.0,0.0,0.0,0.0,0.97325027,0.0,-1
153,0.0,0.0,0.0,0.0,0.0,1.8465642,0.0,0.0,1.0548475,0.0,0.0,0.0,1.2759894,0.0,0.0,0.0,0.0,0.0,0.0,1.253219,0.0,0.0,0.0,0.0,1.8590286,0.0,1.8823689,0.0,0.0,0.0,0.0,0.95666856,0.0,-1
154,0.0,0.04426696,0.0,0.0,0.0,1.6122227,0.0,0.0,1.2129041,0.0,0.0,0.0,1.2930987,0.0,0.0,0.0,0.0,0.0,0.0,1.1685197,0.0,0.0,0.09061986,0.0,1.8155127,0.0,1.5979754,0.0,0.0,0.0,0.0,0.9360772,0.0,-1
155,0.4073053,0.63721704,0.21066426,0.0,0.1398177,0.9438333,0.37787116,0.33887473,0.41253316,0.25877884,0.4083038,0.38813564,0.63499296,0.0,0.38597524,0.32966906,0.0,0.0,0.275078,0.5389846,0.21811256,0.25823036,0.0,0.0,0.9390299,0.3905622,0.86709875,0.0,0.0,0.48299044,0.18670703,0.48690754,0.0,-1
156,0.0,0.0,0.0,0.0,0.0,1.7309289,0.0,0.0,1.12052,0.0,0.0,0.0,1.3500887,0.0,0.0,0.0,0.0,0.0,0.0,1.277535,0.0,0.0,0.12126874,0.0,1.7312106,0.0,1.650454,0.0,0.0,0.0,0.0,0.91114664,0.0,-1
157,0.0,0.027913079,0.0,0.0,0.02687277,1.3451397,0.0,0.0,0.8534973,0.0,0.057663243,0.0,1.0535519,0.0,0.0,0.0,0.0,0.0,0.0,0.9525426,0.0,0.0,0.0,0.0,1.4292558,0.0,1.4719772,0.0,0.0,0.0,0.0,0.68247527,0.0,-1
158,0.0,0.09115642,0.0,0.0,0.0,1.3986603,0.0,0.0,0.7607616,0.0,0.0,0.0,1.0146254,0.0,0.0,0.0,0.0,0.0,0.0,0.9175095,0.0,0.0,0.0,0.0,1.4044212,0.0,1.4246081,0.0,0.0,0.0,0.0,0.74389595,0.0,-1
159,1.2214557,1.6326104,1.0408138,0.0,0.7099882,0.50171435,1.5001858,1.2693629,0.048188128,1.0872908,1.2644329,1.4392414,0.2678374,0.0,1.3109859,1.2954274,0.0,0.0,1.1667058,0.13300301,1.0977519,1.1041759,0.0,0.0,0.43379918,1.375102,0.66529125,0.0,0.0,1.3915317,0.8251464,0.39784688,0.0,-1
160,0.0,0.0,0.0,0.0,0.0,1.943383,0.0,0.0,1.1328969,0.0,0.0,0.0,1.3109745,0.0,0.0,0.0,0.0,0.0,0.0,1.2543797,0.0,0.0,0.04916191,0.0,1.957354,0.0,1.9005443,0.0,0.0,0.0,0.0,0.99540955,0.0,-1
161,0.04871066,0.048443735,0.046183456,0.0,0.08348885,1.4060247,0.022521183,0.043091737,0.90496576,0.0,0.023064487,0.0,1.0950365,0.0,0.0,0.109583475,0.0,0.0,0.0,1.0386608,0.0,0.0,0.0,0.0,1.4837416,0.10173179,1.5114255,0.0,0.0,0.0,0.0068077203,0.5935411,0.0,-1
162,0.16484354,0.38563254,0.04037203,0.0,0.05913764,1.3275831,0.07928136,0.038140208,0.6811399,0.0,0.0741804,0.10336966,0.892682,0.0,0.04077529,0.066002905,0.0,0.0,0.02224455,0.8503246,0.0,0.03301345,0.0,0.0,1.3423786,0.12707524,1.3575745,0.0,0.0,0.06971004,0.028155038,0.72121435,0.0,-1
163,0.0,0.0,0.0,0.0,0.0,1.5177214,0.0,0.0,1.0333202,0.0,0.0,0.0,1.1498023,0.0,0.0,0.0,0.0,0.0,0.0,1.0890878,0.0,0.0,0.0010371078,0.0,1.6758124,0.0,1.557651,0.0,0.0,0.0,0.0,0.7328238,0.0,-1
164,0.0,0.0,0.0,0.0,0.0,2.0436788,0.0,0.0,1.2605841,0.0,0.0,0.0,1.4092101,0.0,0.0,0.0,0.0,0.0,0.0,1.4082826,0.0,0.0,0.0,0.0,2.0283642,0.0,2.000355,0.0,0.0,0.0,0.0,0.9378115,0.0,-1
165,0.0,0.0,0.0,0.0,0.0,1.800141,0.0,0.0,1.0773045,0.0,0.0,0.0,1.3400174,0.0,0.0,0.0,0.0,0.0,0.0,1.2530031,0.0,0.0,0.04606148,0.0,1.7988304,0.0,1.8106917,0.0,0.0,0.0,0.0,0.90149623,0.0,-1
166,0.3477336,0.6932237,0.078072436,0.0,0.14476396,1.2791969,0.41199607,0.26549754,0.5686039,0.28794253,0.26388034,0.44811785,0.82449764,0.0,0.38328886,0.3016954,0.0,0.0,0.24079889,0.8491154,0.1330505,0.23572285,0.0,0.0,1.1976455,0.4621884,1.3609945,0.0,0.0,0.39325425,0.26364568,0.81426406,0.0,-1
167,0.3076001,0.7003571,0.31127894,0.0,0.19812937,0.85134274,0.24433444,0.19461411,0.43270212,0.2966931,0.2646289,0.41783836,0.6018075,0.0,0.28381908,0.27554935,0.0,0.0,0.28204572,0.53208214,0.18130967,0.22903661,0.0,0.0,0.98145694,0.38448635,0.97531074,0.0,0.0,0.25850418,0.2658169,0.42089987,0.0,-1
168,0.15193047,0.24293165,0.048515294,0.0,0.08602954,1.25191,0.078410536,0.05492221,0.6774864,0.0,0.09421472,0.17162943,0.8657462,0.0,0.062206533,0.11519393,0.0,0.0,0.069817476,0.79758334,0.0,0.0,0.0,0.0,1.2544073,0.11840592,1.3425509,0.0,0.0,0.0019844584,0.06936034,0.6179124,0.0,-1
169,0.10887641,0.6951773,0.13288608,0.0,0.1432261,1.6921357,0.16714953,0.016126996,0.8835949,0.18467654,0.046546467,0.14619893,1.0439636,0.0,0.20601487,0.12739609,0.0,0.0,0.066745445,1.064006,0.11828827,0.077389896,0.0,0.0,1.7046356,0.2127006,1.735243,0.0,0.0,0.19705956,0.2263548,0.9197436,0.0,-1
170,1.668255,2.2423544,1.4698102,0.0,1.0866503,0.6548592,2.1211355,1.9023226,0.0,1.4265635,1.7315015,1.9024557,0.11900819,0.0,1.9312592,1.73188,0.0,0.0,1.5658234,0.124961235,1.6287153,1.5999656,0.0,0.0,0.46486282,1.9401062,0.8345361,0.0,0.0,2.0003657,1.2178489,0.4927113,0.0,-1
171,0.0,0.07277121,0.0,0.0,0.0,1.5847839,0.0,0.0,0.9813691,0.0,0.0,0.0,1.1677675,0.0,0.0,0.0,0.0,0.0,0.0,1.1395197,0.0,0.0,0.0,0.0,1.6447549,0.0,1.7575449,0.0,0.0,0.0,0.0,0.6832761,0.0,-1
172,0.0,0.33623654,0.0,0.0,0.0,1.313362,0.059558436,0.0,0.7562159,0.033113748,0.0,0.0031829719,0.8996804,0.0,0.042435914,0.0057824105,0.0,0.0,0.0,0.78869134,0.0,0.0,0.0,0.0,1.3605298,0.055296525,1.3473058,0.0,0.0,0.06900069,0.07995581,0.6608781,0.0,-1
173,0.19905858,0.335436,0.073465355,0.0,0.029527234,1.1223295,0.1628821,0.120527685,0.5727038,0.0,0.29885626,0.13293219,0.80193514,0.0,0.28165108,0.1916422,0.0,0.0,0.07502276,0.70577055,0.12112076,0.07461037,0.0,0.0,1.1100771,0.16024914,1.1099048,0.0,0.0,0.25949392,0.15338817,0.5904121,0.0,-1
174,0.0,0.0,0.0,0.0,0.0,2.1588907,0.0,0.0,1.3240452,0.0,0.0,0.0,1.5289537,0.0,0.0,0.0,0.0,0.0,0.0,1.492951,0.0,0.0,0.0111332275,0.0,2.176799,0.0,2.233011,0.0,0.0,0.0,0.0,1.1130538,0.0,-1
175,0.16397314,0.37922046,0.13664253,0.0,0.10079561,1.8061373,0.35458094,0.06382598,1.1221001,0.027567327,0.07711262,0.06797086,1.3558728,0.0,0.014882728,0.25182116,0.0,0.0,0.06312175,1.0833778,0.0477157,0.06120682,0.0,0.0,1.9176618,0.2413567,1.974011,0.0,0.0,0.20078401,0.0559067,1.073366,0.0,-1
176,0.472081,0.68700445,0.21891548,0.0,0.25640693,1.0849442,0.5238644,0.4905807,0.5072177,0.307171,0.5179766,0.4605358,0.71954024,0.0,0.52957946,0.35530597,0.0,0.0,0.29678363,0.69014454,0.2975209,0.359883,0.0,0.0,1.073636,0.48464248,1.1254032,0.0,0.0,0.60311335,0.30009994,0.6407975,0.0,-1
177,1.0991279,1.6728802,0.9021213,0.0,0.6956374,0.4683323,1.1989518,1.2135277,0.031766903,1.0278693,1.1121219,1.3106216,0.13220058,0.0,1.1984601,1.2456588,0.0,0.0,1.0826753,0.14107677,1.0475645,0.9917171,0.0,0.0,0.41531414,1.2983571,0.6069399,0.0,0.0,1.2678449,0.8765898,0.2509863,0.0,-1
178,0.0,0.0,0.0,0.0,0.0,1.8393186,0.0,0.0,1.0697175,0.0,0.0,0.0,1.2787373,0.0,0.0,0.0,0.0,0.0,0.0,1.3371152,0.0,0.0,0.0077320375,0.0,1.809125,0.0,1.7279568,0.0,0.0,0.0,0.0,0.95971614,0.0,-1
179,0.16043255,0.71808016,0.18349431,0.0,0.13302588,1.1813945,0.22757466,0.22666118,0.74076605,0.3221656,0.15324868,0.25529438,0.79762876,0.0,0.2850594,0.23161042,0.0,0.0,0.22324038,0.7264572,0.22722259,0.083019465,0.0,0.0,1.3202995,0.32719707,1.3477379,0.0,0.0,0.31872463,0.22171505,0.5035791,0.0,-1
180,0.064221665,0.26854336,0.0,0.0,0.049464554,1.4258069,0.0,0.0,0.80463904,0.0,0.0,0.027818903,1.0145777,0.0,0.0,0.029496811,0.0,0.0,0.0,1.0125986,0.0,0.0,0.0,0.0,1.4073373,0.06221351,1.4822,0.0,0.0,0.0,0.0,0.7103738,0.0,-1
181,0.0,0.11227493,0.0,0.0,0.0,1.5369544,0.0,0.0,0.8239131,0.0,0.0,0.0,0.9668042,0.0,0.0,0.0,0.0,0.0,0.0,0.96941644,0.0,0.0,0.0,0.0,1.4870598,0.0,1.4594634,0.0,0.0,0.0,0.0,0.71842986,0.0,-1
182,0.3495876,0.59711146,0.38007647,0.0,0.21373007,1.2997553,0.58298784,0.38476962,0.6692974,0.18884528,0.4697203,0.5110302,0.8313178,0.0,0.40359432,0.3400893,0.0,0.0,0.3275555,0.92444867,0.27514836,0.49725324,0.0,0.0,1.3524991,0.530619,1.5191109,0.0,0.0,0.3388059,0.3431263,0.6409553,0.0,-1
183,0.60341144,1.1565306,0.4538413,0.0,0.34853303,1.0300424,0.63903517,0.6015339,0.48966742,0.5668176,0.54190177,0.6761546,0.66909456,0.0,0.6307356,0.53353256,0.0,0.0,0.5722465,0.568196,0.5418289,0.49195606,0.0,0.0,1.083687,0.65061355,1.0673213,0.0,0.0,0.717186,0.4865598,0.562948,0.0,-1
184,0.0,0.006500289,0.0,0.0,0.0,1.4802035,0.0,0.0,0.9205705,0.0,0.0,0.0,1.1614673,0.0,0.0,0.0,0.0,0.0,0.0,1.0671698,0.0,0.0,0.0,0.0,1.5388741,0.0,1.6000446,0.0,0.0,0.0,0.0,0.67596585,0.0,-1
185,0.7892723,1.1212298,0.47900406,0.0,0.547149,0.79469836,0.8413338,0.883731,0.28800774,0.6580286,0.81795734,0.8621392,0.45790136,0.0,0.93728465,0.78424674,0.0,0.0,0.61804485,0.46861494,0.6540427,0.65310663,0.0,0.0,0.750234,0.86893344,0.91849655,0.0,0.0,0.95476705,0.63194317,0.47792292,0.0,-1
186,0.12340815,0.5598711,0.15631719,0.0,0.11688485,1.0061873,0.1919591,0.2200271,0.56148386,0.19732764,0.19109115,0.25425223,0.6222573,0.0,0.21458611,0.1684362,0.0,0.0,0.19273031,0.61674035,0.09626023,0.11784941,0.0,0.0,1.0574129,0.24353576,1.0493227,0.0,0.0,0.20807584,0.18257074,0.4704057,0.0,-1
187,0.31193072,0.74210405,0.34024423,0.0,0.27011842,1.6973358,0.4966318,0.29384992,0.88400626,0.21316925,0.19786206,0.29056945,1.0639147,0.0,0.31530458,0.3234063,0.0,0.0,0.20740539,1.0795108,0.2430526,0.30319163,0.0,0.0,1.6568877,0.4917293,1.7433709,0.0,0.0,0.33074602,0.18027239,0.96258026,0.0,-1
188,0.4476097,0.5988188,0.23334427,0.0,0.20776108,1.1438471,0.34956372,0.45311508,0.49730068,0.15959993,0.38796085,0.40753093,0.7563051,0.0,0.37662446,0.4719039,0.0,0.0,0.33832702,0.73192334,0.27375033,0.28466251,0.0,0.0,1.0807298,0.42141375,1.2218941,0.0,0.0,0.43679008,0.32041135,0.57030904,0.0,-1
189,0.0,0.25822353,0.0,0.0,0.0,1.4766248,0.0,0.0,0.74984556,0.0,0.0,0.0,0.99361354,0.0,0.0,0.0,0.0,0.0,0.0,0.91284853,0.0,0.0,0.0,0.0,1.3894558,0.0,1.4547858,0.0,0.0,0.0,0.0,0.790165,0.0,-1
190,0.23968095,0.4530666,0.020242685,0.0,0.0,1.1730266,0.3271193,0.15862495,0.67461324,0.16008988,0.1424729,0.19095719,0.87899536,0.0,0.14769052,0.17805554,0.0,0.0,0.11642513,0.6832899,0.042746052,0.034895394,0.0,0.0,1.2322818,0.24625668,1.2529631,0.0,0.0,0.29965758,0.019887086,0.67064714,0.0,-1
191,0.05071114,0.23675765,0.0,0.0,0.0,1.5315863,0.0,0.0,0.85736173,0.0,0.0,0.0,1.077417,0.0,0.0,0.0,0.0,0.0,0.0,1.0445356,0.0,0.0,0.0,0.0,1.5087717,0.0,1.5882599,0.0,0.0,0.0,0.0,0.6686097,0.0,-1
192,0.13605525,0.4800364,0.07085477,0.0,0.037460886,1.1007253,0.23886423,0.081609786,0.7750919,0.14449188,0.06461616,0.07989079,0.7737324,0.0,0.12650996,0.029601984,0.0,0.0,0.04083243,0.7776861,0.0,0.13732779,0.0,0.0,1.2856228,0.09281257,1.2466358,0.0,0.0,0.18305814,0.07983113,0.71614426,0.0,-1
193,0.0,0.15422376,0.0,0.0,0.0,1.4612778,0.0,0.0,0.87303793,0.0,0.0,0.0,0.96003646,0.0,0.0,0.0,0.0,0.0,0.0,0.9454343,0.0,0.0,0.0,0.0,1.4886786,0.0,1.3956246,0.0,0.0,0.0,0.0,0.7316968,0.0,-1
194,0.2208523,0.60247046,0.15259361,0.0,0.1363342,1.2263404,0.26196927,0.22471076,0.69873834,0.19913247,0.24179767,0.2492375,0.76566076,0.0,0.30676776,0.16003072,0.0,0.0,0.1374671,0.8780426,0.17854619,0.20851703,0.0,0.0,1.2855933,0.2706008,1.3114153,0.0,0.0,0.32934386,0.18095987,0.58558106,0.0,-1
195,0.22686972,0.66861296,0.33630162,0.0,0.15611735,1.389814,0.3003559,0.32769927,0.94645697,0.24029854,0.1507423,0.09667301,0.93280715,0.0,0.06487095,0.40505528,0.0,0.0,0.3753797,0.7844482,0.28605443,0.2505807,0.0,0.0,1.6044914,0.19908577,1.5646828,0.0,0.0,0.23930378,0.21322632,0.58990854,0.0,-1
196,0.47516572,0.7999284,0.3080744,0.0,0.30025,0.9490543,0.545321,0.4871954,0.46898484,0.32603216,0.59039974,0.5362704,0.62170815,0.0,0.61206245,0.45736325,0.0,0.0,0.3925718,0.62323546,0.36028528,0.41366047,0.0,0.0,0.99027705,0.5528207,1.0886232,0.0,0.0,0.5617557,0.44664937,0.43585557,0.0,-1
197,0.0,0.2535319,0.0,0.0,0.0,1.4091066,0.0,0.0,0.8195602,0.0,0.0,0.0,0.9402477,0.0,0.0,0.0,0.0,0.0,0.0,1.0103999,0.0,0.0,0.0,0.0,1.4354649,0.0,1.4300594,0.0,0.0,0.0,0.0,0.8561207,0.0,-1
198,0.0,0.0,0.0,0.0,0.0,2.0977535,0.0,0.0,1.2366157,0.0,0.0,0.0,1.4329073,0.0,0.0,0.0,0.0,0.0,0.0,1.4091299,0.0,0.0,0.0,0.0,2.1453905,0.0,2.159871,0.0,0.0,0.0,0.0,1.1395086,0.0,-1
199,0.82591677,1.4123768,0.7526112,0.0,0.55723596,0.76646805,0.9745782,0.9094095,0.23480293,0.8208763,0.82255775,1.0653987,0.41950524,0.0,0.968658,0.8857561,0.0,0.0,0.7670263,0.46227422,0.83890533,0.77907145,0.0,0.0,0.779634,1.0219772,0.9879878,0.0,0.0,1.0025326,0.6608804,0.43863547,0.0,-1
200,0.4701595,0.9846921,0.30266717,0.0,0.33979475,1.0332705,0.58001,0.41035172,0.44892478,0.50711054,0.40737307,0.66357386,0.6540056,0.0,0.55694187,0.5639922,0.0,0.0,0.44700992,0.6047875,0.35314783,0.40981895,0.0,0.0,1.0726892,0.69512725,1.1593021,0.0,0.0,0.56127197,0.39763856,0.6807039,0.0,-1
201,0.14604788,0.42498368,0.13741297,0.0,0.16220291,2.0943344,0.36795986,0.14544876,1.4045402,0.0,0.0,0.0,1.6178269,0.0,0.0,0.22794633,0.0,0.0,0.13400276,1.4431025,0.16554794,0.12263703,0.0,0.0,2.292197,0.25624865,2.3662262,0.0,0.0,0.17060155,0.07663269,1.093985,0.0,-1
202,0.0,0.25327677,0.0,0.0,0.0,1.7810915,0.0,0.0,0.970955,0.0,0.0,0.0,1.1853458,0.0,0.0,0.0,0.0,0.0,0.0,1.2289824,0.0,0.0,0.0,0.0,1.7823312,0.0,1.8340312,0.0,0.0,0.0,0.0,1.0248379,0.0,-1
203,0.0,0.12942758,0.0,0.0,0.0,1.4454343,0.0,0.0,0.8629454,0.0,0.0,0.0,1.0381445,0.0,0.0,0.0,0.0,0.0,0.0,0.9870724,0.0,0.0,0.0,0.0,1.5150541,0.0,1.4465411,0.0,0.0,0.0,0.0,0.7194377,0.0,-1
204,0.1938386,0.3914063,0.0,0.0,0.14562348,1.7036536,0.11819409,0.0,0.8907802,0.0,0.054853354,0.029262535,1.1328747,0.0,0.049738713,0.17886892,0.0,0.0,0.07260281,1.1036124,0.04452101,0.053668078,0.0,0.0,1.6204923,0.18758616,1.6872115,0.0,0.0,0.06552737,0.10821934,0.95864815,0.0,-1
205,0.0,0.30988377,0.0,0.0,0.0,1.4146802,0.0,0.0,0.9411437,0.0,0.0,0.0,0.94047767,0.0,0.0,0.0,0.0,0.0,0.0,0.9194997,0.0,0.0,0.0,0.0,1.540712,0.0,1.4278771,0.0,0.0,0.0,0.0,0.77941424,0.0,-1
206,0.0,0.23952861,0.08135775,0.0,0.0,1.3813262,0.08385141,0.021163663,0.87996995,0.0,0.0,0.068421565,1.0299135,0.0,0.040845253,0.0,0.0,0.0,0.05626587,0.98011416,0.0,0.0,0.0,0.0,1.4704139,0.1145733,1.436349,0.0,0.0,0.0903226,0.014111683,0.6043181,0.0,-1
207,0.45274395,0.99659514,0.43461347,0.0,0.25294784,1.5313041,0.47923356,0.47147745,0.7165015,0.27007738,0.32613543,0.5099635,0.93865883,0.0,0.40398502,0.4226054,0.0,0.0,0.42970568,0.8955018,0.4022917,0.2850539,0.0,0.0,1.5412549,0.5310892,1.7737702,0.0,0.0,0.43627378,0.36806467,0.62701607,0.0,-1
208,0.46373308,0.74780524,0.4065808,0.0,0.3767525,1.3754923,0.53061485,0.42351776,0.804092,0.29130787,0.28406978,0.5221983,0.95215267,0.0,0.3107972,0.47746426,0.0,0.0,0.42281976,1.0196989,0.2952726,0.4393494,0.0,0.0,1.5166165,0.51722705,1.6047099,0.0,0.0,0.3608148,0.2878892,0.70146936,0.0,-1
209,0.10704471,0.32150218,0.08161075,0.0,0.04576515,1.255284,0.003786713,0.0136981625,0.74943054,0.0,0.0,0.12659621,0.9055479,0.0,0.0211085,0.0661958,0.0,0.0,0.09565941,0.9359435,0.023440853,0.0,0.0,0.0,1.2977396,0.11747968,1.2862742,0.0,0.0,0.04950536,0.03275897,0.5766535,0.0,-1
210,0.0,0.12884185,0.0,0.0,0.0,1.4891679,0.0,0.0,0.8703558,0.0,0.0,0.0,1.0263237,0.0,0.0,0.0,0.0,0.0,0.0,0.9923655,0.0,0.0,0.0,0.0,1.4510295,0.0,1.5099447,0.0,0.0,0.0,0.0,0.7334374,0.0,-1
211,0.0,0.0,0.0,0.0,0.0,2.043812,0.0,0.0,1.1906841,0.0,0.0,0.0,1.3549529,0.0,0.0,0.0,0.0,0.0,0.0,1.5216955,0.0,0.0,0.005571181,0.0,1.9837689,0.0,1.9165922,0.0,0.0,0.0,0.0,1.0374941,0.0,-1
212,0.0,0.13400517,0.0,0.0,0.0,1.5335118,0.0,0.0,1.0436542,0.0,0.0,0.0,1.1018914,0.0,0.0,0.0,0.0,0.0,0.0,1.1486517,0.0,0.0,0.0,0.0,1.6834605,0.0,1.6432234,0.0,0.0,0.0,0.0,0.6224035,0.0,-1
213,0.0,0.42612174,0.0,0.0,0.0,1.6201947,0.005672157,0.0,1.0161469,0.047134474,0.0,0.0,1.1344882,0.0,0.0,0.0,0.0,0.0,0.0,1.0260826,0.0,0.0,0.0,0.0,1.6358929,0.0037158132,1.5472218,0.0,0.0,0.044305947,0.0,0.90049803,0.0,-1
214,0.0,0.0,0.0,0.0,0.0,1.425846,0.0,0.0,0.88921756,0.0,0.0,0.0,1.0040582,0.0,0.0,0.0,0.0,0.0,0.0,0.9821415,0.0,0.0,0.015026435,0.0,1.4841771,0.0,1.3695114,0.0,0.0,0.0,0.0,0.823149,0.0,-1
215,0.0,0.22402263,0.0,0.0,0.0,1.5700871,0.0,0.0,0.9381159,0.0,0.0,0.0,1.1516929,0.0,0.0,0.0,0.0,0.0,0.0,1.1134752,0.0,0.0,0.0,0.0,1.688281,0.0,1.6866145,0.0,0.0,0.0,0.009706784,0.8083799,0.0,-1
216,0.06980561,0.31258324,0.0,0.0,0.048113644,1.398293,0.0,0.0,0.8427398,0.0,0.0,0.06744345,1.006134,0.0,0.0,0.090282895,0.0,0.0,0.071083784,0.9512089,0.0,0.0,0.0,0.0,1.4972837,0.057890624,1.5732335,0.0,0.0,0.0,0.11761259,0.6423285,0.0,-1
217,0.0,0.0,0.0,0.0,0.0,1.9236115,0.0,0.0,1.1562836,0.0,0.0,0.0,1.358382,0.0,0.0,0.0,0.0,0.0,0.0,1.3299918,0.0,0.0,0.035881992,0.0,1.9486811,0.0,1.9650964,0.0,0.0,0.0,0.0,0.99091023,0.0,-1
218,0.0,0.0,0.0,0.0,0.0,2.0087898,0.0,0.0,1.2170275,0.0,0.0,0.0,1.4353039,0.0,0.0,0.0,0.0,0.0,0.0,1.4378079,0.0,0.0,0.0,0.0,2.0933945,0.0,2.0244575,0.0,0.0,0.0,0.0,0.98065495,0.0,-1
219,0.36268264,0.7226461,0.37531304,0.0,0.17964622,1.2323176,0.39780807,0.30370215,0.72643596,0.24517992,0.26459306,0.49142274,0.8081617,0.0,0.28443256,0.40067127,0.0,0.0,0.37589836,0.718298,0.23772356,0.29639122,0.0,0.0,1.3357725,0.33962023,1.49422,0.0,0.0,0.22499625,0.30185127,0.62387156,0.0,-1
220,0.12577981,0.3579399,0.18733232,0.0,0.15780021,1.4021825,0.25238007,0.15589926,0.9579477,0.026152723,0.14873439,0.19635402,1.1467278,0.0,0.10047198,0.23458686,0.0,0.0,0.1077851,0.9754686,0.15249485,0.04592667,0.0,0.0,1.6574391,0.19145945,1.7405738,0.0,0.0,0.12375946,0.049339984,0.6148334,0.0,-1
221,0.0,0.0,0.0,0.0,0.0,2.2008703,0.0,0.0,1.4246488,0.0,0.0,0.0,1.6166816,0.0,0.0,0.0,0.0,0.0,0.0,1.5815246,0.0,0.0,0.005462449,0.0,2.2935245,0.0,2.283269,0.0,0.0,0.0,0.0,1.0493982,0.0,-1
222,0.52745557,0.9425057,0.48301795,0.0,0.39443064,0.8776155,0.5866152,0.4485286,0.41902018,0.44001418,0.56413066,0.6604003,0.57830656,0.0,0.61170757,0.54885215,0.0,0.0,0.50646025,0.48925522,0.46545085,0.44991058,0.0,0.0,0.9776464,0.6573231,0.9810694,0.0,0.0,0.5501599,0.49583685,0.5061691,0.0,-1
223,0.297507,0.4600709,0.21450448,0.0,0.15895848,0.9778107,0.20648585,0.16075815,0.5972793,0.11284948,0.27283478,0.26224568,0.73445904,0.0,0.22370058,0.22900775,0.0,0.0,0.22523084,0.6548222,0.11997587,0.1705629,0.0,0.0,1.0911571,0.2254884,1.0311129,0.0,0.0,0.19892582,0.21432617,0.4587283,0.0,-1
224,0.34911242,0.93641293,0.3712074,0.0,0.2582263,1.639368,0.75826097,0.44882524,0.82364345,0.291277,0.3557251,0.4056389,0.9570276,0.0,0.4433859,0.169248,0.0,0.0,0.30055586,1.0356202,0.32048702,0.51260334,0.0,0.0,1.6427977,0.6359464,1.7190083,0.0,0.0,0.40312934,0.31349677,0.9642674,0.0,-1
225,0.0,0.14397486,0.0,0.0,0.0,1.6798201,0.0,0.0,1.0089011,0.0,0.0,0.0,1.1253463,0.0,0.0,0.0,0.0,0.0,0.0,1.1241822,0.0,0.0,0.0,0.0,1.686974,0.0,1.7487768,0.0,0.0,0.0,0.0,0.765653,0.0,-1
226,0.65359837,0.93939114,0.47297436,0.0,0.45046154,1.2949518,0.81851083,0.69421136,0.66526914,0.4667279,0.5728154,0.54700303,0.86881715,0.0,0.63467836,0.58435386,0.0,0.0,0.4905146,0.7858011,0.4546279,0.6108371,0.0,0.0,1.2816222,0.68903923,1.348415,0.0,0.0,0.7202835,0.43319333,0.69229424,0.0,-1
227,0.58887357,1.0152619,0.38240933,0.0,0.4254197,1.3696885,0.63803834,0.53903514,0.5823486,0.42813218,0.49150938,0.6077155,0.79063284,0.0,0.5899638,0.58862484,0.0,0.0,0.45297027,0.83323044,0.4180824,0.45832968,0.0,0.0,1.2710847,0.67815804,1.4413329,0.0,0.0,0.60666,0.48741025,0.8114612,0.0,-1
228,0.14822051,0.4314814,0.059216406,0.0,0.08618683,1.6948128,0.06700052,0.0,0.9089216,0.0,0.0,0.0859732,1.1192377,0.0,0.0,0.12316519,0.0,0.0,0.07356433,1.023674,0.0,0.0,0.0,0.0,1.6259831,0.13601506,1.7601185,0.0,0.0,0.0,0.0,0.86724925,0.0,-1
229,0.32622847,0.62708336,0.36796036,0.0,0.21157558,1.4093683,0.31661487,0.47280568,0.8502659,0.1468867,0.2578916,0.3944138,0.7991656,0.0,0.28418666,0.39442277,0.0,0.0,0.3737985,0.98050624,0.38000467,0.28222576,0.0,0.0,1.4744167,0.3984402,1.5975982,0.0,0.0,0.2841708,0.2614106,0.46747684,0.0,-1
230,0.0,0.040954694,0.0,0.0,0.0,1.3939142,0.0,0.0,0.7986354,0.0,0.0,0.0,0.9564683,0.0,0.0,0.0,0.0,0.0,0.0,1.0110884,0.0,0.0,0.0,0.0,1.3740947,0.0,1.4148537,0.0,0.0,0.0,0.0,0.6667605,0.0,-1
231,0.0,0.0,0.0,0.0,0.0,1.5683634,0.0,0.0,1.1048084,0.0,0.0,0.0,1.1636733,0.0,0.0,0.0,0.0,0.0,0.0,1.1478351,0.0,0.0,0.108123116,0.0,1.708535,0.0,1.6412641,0.0,0.0,0.0,0.0,0.7066102,0.0,-1
232,0.0,0.0,0.0,0.0,0.0,1.9145842,0.0,0.0,1.212261,0.0,0.0,0.0,1.3478023,0.0,0.0,0.0,0.0,0.0,0.0,1.3451858,0.0,0.0,0.016720459,0.0,1.9585166,0.0,1.9616805,0.0,0.0,0.0,0.0,0.9043516,0.0,-1
233,0.29578242,0.5522056,0.13357642,0.0,0.05452548,1.2123598,0.4298051,0.1925151,0.7503013,0.23911697,0.18526825,0.3352474,1.0142822,0.0,0.2667061,0.18183975,0.0,0.0,0.17567511,0.81901664,0.09443293,0.20038949,0.0,0.0,1.3327061,0.32281333,1.3279463,0.0,0.0,0.38081175,0.09122601,0.79475033,0.0,-1
234,0.0,0.13219462,0.0,0.0,0.0,1.2772754,0.0,0.0,0.68701625,0.0,0.0,0.0,0.8922492,0.0,0.0,0.0,0.0,0.0,0.0,0.90453625,0.0,0.0,0.0,0.0,1.2525513,0.0,1.2575219,0.0,0.0,0.0,0.0,0.6424264,0.0,-1
235,0.0029879287,0.18108156,0.0,0.0,0.0839548,1.6862975,0.0,0.0,0.9507961,0.0,0.0,0.0,1.0979408,0.0,0.0,0.0,0.0,0.0,0.0,1.1815786,0.0,0.0,0.0,0.0,1.6768417,0.0,1.6804911,0.0,0.0,0.0,0.0,0.75771385,0.0,-1
236,0.0,0.0,0.0,0.0,0.0,1.5499628,0.0,0.0,0.93748,0.0,0.0,0.0,1.1056645,0.0,0.0,0.0,0.0,0.0,0.0,1.1513821,0.0,0.0,0.0,0.0,1.6074586,0.0,1.5255021,0.0,0.0,0.0,0.0,0.77440214,0.0,-1
237,0.15756266,0.51516104,0.1124535,0.0,0.028814105,1.2767961,0.384681,0.058675446,0.63647693,0.06964341,0.2335582,0.26155442,0.81171227,0.0,0.27840096,0.04713458,0.0,0.0,0.13426483,0.8737387,0.047082737,0.25449967,0.0,0.0,1.2767824,0.26691222,1.4213576,0.0,0.0,0.08898881,0.10926726,0.744882,0.0,-1
238,0.5280123,0.84733796,0.5716022,0.0,0.3829472,1.046235,0.97524744,0.6842786,0.5680872,0.44110644,0.6657064,0.68876374,0.6058403,0.0,0.67682886,0.5141645,0.0,0.0,0.5541348,0.73486924,0.5466096,0.7849615,0.0,0.0,1.1333213,0.7188263,1.2343651,0.0,0.0,0.5814291,0.351234,0.5599622,0.0,-1
239,0.072955646,0.25552878,0.06421024,0.0,0.05657162,1.0538305,0.026165366,0.031240446,0.71754974,0.021755077,0.037534475,0.045903664,0.8139282,0.0,0.0009322837,0.123860225,0.0,0.0,0.045437735,0.75812525,0.0,0.027146365,0.0,0.0,1.2443337,0.062983304,1.1127753,0.0,0.0,0.12457448,0.06314608,0.5014629,0.0,-1
240,0.15631545,0.32209325,0.05824339,0.0,0.045212887,1.1296554,0.19006215,0.0,0.724155,0.098245,0.1526469,0.15083465,0.85266584,0.0,0.14444059,0.12675345,0.0,0.0,0.10734246,0.74901706,0.06931681,0.0,0.0,0.0,1.1649415,0.25422475,1.1501342,0.0,0.0,0.11514136,0.06126514,0.65168566,0.0,-1
241,0.6270796,1.0394155,0.626461,0.0,0.44086242,1.2674487,0.66181886,0.6939494,0.7343549,0.4173687,0.42627347,0.6159487,0.83940345,0.0,0.3239217,0.674203,0.0,0.0,0.66046983,0.80405587,0.52937144,0.591865,0.0,0.0,1.4974713,0.55101144,1.5750138,0.0,0.0,0.54138064,0.4515259,0.5817923,0.0,-1
242,0.079107076,0.3904486,0.08422815,0.0,0.10181086,1.6719269,0.053565085,0.0014076922,0.86841625,0.0,0.0,0.13196045,1.1213564,0.0,0.0325042,0.12220171,0.0,0.0,0.025559086,1.1177875,0.0,0.0,0.0,0.0,1.6938852,0.20272562,1.7948061,0.0,0.0,0.0,0.040167622,0.826593,0.0,-1
243,0.0,0.23356345,0.0,0.0,0.0,1.5353878,0.0,0.0,0.9275053,0.0,0.0,0.0,1.0243869,0.0,0.0,0.0,0.0,0.0,0.0,1.1465743,0.0,0.0,0.0,0.0,1.6235901,0.0,1.686854,0.0,0.0,0.0,0.0,0.86141413,0.0,-1
244,0.0,0.04754915,0.0,0.0,0.0,1.5495524,0.0,0.0,0.8726302,0.0,0.0,0.0,1.09491,0.0,0.0,0.0,0.0,0.0,0.0,1.1106657,0.0,0.0,0.0,0.0,1.5868324,0.0,1.5373975,0.0,0.0,0.0,0.0,0.85471874,0.0,-1
245,0.10633136,0.47164556,0.07118601,0.0,0.04749411,1.0647225,0.3393706,0.068987295,0.6299937,0.16014588,0.09315542,0.185181,0.71672523,0.0,0.23349687,0.10007336,0.0,0.0,0.057312094,0.78703135,0.0,0.2121061,0.0,0.0,1.1498123,0.2919001,1.1685904,0.0,0.0,0.17707215,0.0,0.70481724,0.0,-1
246,0.5345262,0.61732495,0.30301082,0.0,0.37660894,1.4014075,0.58127964,0.45224676,0.7017137,0.25820524,0.45422244,0.5386832,0.9890577,0.0,0.38722146,0.59218407,0.0,0.0,0.43243214,0.81119126,0.3010617,0.37618074,0.0,0.0,1.3370032,0.55104506,1.5586238,0.0,0.0,0.44730356,0.32769775,0.83653355,0.0,-1
247,0.0,0.24656548,0.0,0.0,0.0,1.2181307,0.1632217,0.022704607,0.72230077,0.026045315,0.061099272,0.0,0.9043831,0.0,0.018949986,0.0497628,0.0,0.0,0.0,0.73729855,0.0,0.0,0.0,0.0,1.2711306,0.07497643,1.2879381,0.0,0.0,0.16772318,0.0,0.7751638,0.0,-1
248,0.41118026,0.65440345,0.48473427,0.0,0.38585764,1.1484185,0.47075617,0.522174,0.65112907,0.19662628,0.40961367,0.57236135,0.7435783,0.0,0.33334357,0.48778078,0.0,0.0,0.41999608,0.8123414,0.3873974,0.4264774,0.0,0.0,1.295417,0.5292926,1.360537,0.0,0.0,0.31021065,0.35145545,0.4761235,0.0,-1
249,0.0,0.0,0.0,0.0,0.0,1.7853365,0.0,0.0,1.0774927,0.0,0.0,0.0,1.2835944,0.0,0.0,0.0,0.0,0.0,0.0,1.2173419,0.0,0.0,0.0,0.0,1.7601337,0.0,1.7257733,0.0,0.0,0.0,0.0,0.8849602,0.0,-1
250,0.0,0.0,0.0,0.0,0.0,2.175531,0.0,0.0,1.4249519,0.0,0.0,0.0,1.5842283,0.0,0.0,0.0,0.0,0.0,0.0,1.6067361,0.0,0.0,0.055534326,0.0,2.3157213,0.0,2.2268832,0.0,0.0,0.0,0.0,1.078039,0.0,-1
251,0.61825734,0.96024215,0.5781076,0.0,0.34001458,1.0055429,0.62262654,0.5348459,0.48967093,0.44571543,0.62812686,0.7138684,0.6188794,0.0,0.5316168,0.61326236,0.0,0.0,0.6444966,0.5960698,0.5198797,0.54463315,0.0,0.0,1.057568,0.6037024,1.1377826,0.0,0.0,0.48605484,0.5206446,0.46119982,0.0,-1
252,0.0,0.0,0.0,0.0,0.0,2.1458838,0.0,0.0,1.2105544,0.0,0.0,0.0,1.455493,0.0,0.0,0.0,0.0,0.0,0.0,1.4531397,0.0,0.0,0.0,0.0,2.0592294,0.0,2.034152,0.0,0.0,0.0,0.0,1.1870087,0.0,-1
253,0.22277552,0.5753325,0.21367118,0.0,0.1596554,1.0843447,0.17647944,0.13315782,0.63373697,0.14495438,0.09731944,0.28631088,0.76573795,0.0,0.12010892,0.20282942,0.0,0.0,0.19126375,0.7675401,0.14245117,0.12991716,0.0,0.0,1.1814055,0.26170674,1.1786529,0.0,0.0,0.15951529,0.11633716,0.5874727,0.0,-1
254,0.2424677,0.58606315,0.11642783,0.0,0.0713807,1.4561225,0.04482545,0.105651766,0.6587673,0.0,0.10029652,0.19508465,0.8080394,0.0,0.040901855,0.13669755,0.0,0.0,0.23830216,0.9049342,0.044708468,0.023770537,0.0,0.0,1.3680854,0.22162068,1.5330542,0.0,0.0,0.0,0.13559504,0.62696344,0.0,-1
255,0.44609988,0.80456936,0.5388487,0.0,0.33611864,1.6839434,0.85923666,0.55542815,0.88687706,0.22205047,0.5151963,0.471945,1.2559559,0.0,0.47746164,0.4517176,0.0,0.0,0.37624094,1.0126988,0.4623082,0.5421272,0.0,0.0,1.7588186,0.75180197,1.8760885,0.0,0.0,0.57276917,0.30913466,0.9072839,0.0,-1
256,0.95287025,1.7159401,0.95132387,0.0,0.58408827,1.3331823,1.2232099,1.0320429,0.37089112,0.848394,0.8573128,1.2707732,0.6520812,0.0,1.035469,0.98345524,0.0,0.0,0.9937893,0.6980113,0.9413517,0.93573517,0.0,0.0,1.2121694,1.2132531,1.5127432,0.0,0.0,1.0900701,0.8199993,0.8094822,0.0,-1
257,0.43719497,0.74443245,0.2114076,0.0,0.30686802,0.95072657,0.4199198,0.4122967,0.525354,0.36917597,0.38431895,0.3905812,0.63583344,0.0,0.49449456,0.48475537,0.0,0.0,0.26911145,0.55654144,0.28656217,0.26090786,0.0,0.0,0.9868271,0.46062276,0.9860453,0.0,0.0,0.5178968,0.34044042,0.5974177,0.0,-1
258,0.0,0.0,0.0,0.0,0.0,2.1790962,0.0,0.0,1.3497077,0.0,0.0,0.0,1.5334736,0.0,0.0,0.0,0.0,0.0,0.0,1.5826755,0.0,0.0,0.07280615,0.0,2.2025487,0.0,2.1340244,0.0,0.0,0.0,0.0,1.2765881,0.0,-1
259,0.07181597,0.23126793,0.0,0.0,0.09650142,1.2423352,0.0,0.0,0.73118246,0.0,0.05581733,0.0,0.864256,0.0,0.02486059,0.04239098,0.0,0.0,0.0,0.8521378,0.0,0.0,0.0,0.0,1.2967045,0.041555896,1.2937814,0.0,0.0,0.0,0.07242734,0.60074264,0.0,-1
260,0.534658,1.1080245,0.42041677,0.0,0.38249677,1.0284473,0.5801975,0.64419925,0.5063326,0.5852084,0.5498068,0.5667789,0.6416536,0.0,0.64872074,0.65267855,0.0,0.0,0.5011978,0.5274351,0.5326441,0.47655457,0.0,0.0,1.1181267,0.6273509,1.1058856,0.0,0.0,0.7690483,0.5367344,0.47450382,0.0,-1
261,0.3821338,0.7086332,0.26423967,0.0,0.20806068,1.3306714,0.24127029,0.19881141,0.6554729,0.14567053,0.20733283,0.3041989,0.8060059,0.0,0.18140863,0.35497573,0.0,0.0,0.41197798,0.81188697,0.1934669,0.20115568,0.0,0.0,1.2724049,0.32109854,1.3734733,0.0,0.0,0.1305529,0.2596532,0.649231,0.0,-1
262,0.658552,1.0336033,0.5472339,0.0,0.4092565,0.74918747,0.82169604,0.74982923,0.2808328,0.6214524,0.72851074,0.86939156,0.48085046,0.0,0.8132008,0.6330306,0.0,0.0,0.6010074,0.43934587,0.5752788,0.6183501,0.0,0.0,0.8072491,0.78057504,0.9063218,0.0,0.0,0.83249223,0.528864,0.41258752,0.0,-1
263,0.2731846,0.5212866,0.14924148,0.0,0.20313667,0.8041185,0.17833288,0.124757886,0.48399147,0.19602984,0.26524043,0.24689554,0.55373424,0.0,0.2363577,0.22080402,0.0,0.0,0.22189377,0.5653285,0.1220324,0.15125468,0.0,0.0,0.8954451,0.29013202,0.85397357,0.0,0.0,0.14419447,0.16687971,0.40373313,0.0,-1
264,1.0948044,1.5251123,0.8500435,0.0,0.7212099,0.6186134,1.1392739,1.1806841,0.13108724,0.81244373,0.9899236,1.1329615,0.27742034,0.0,1.0334034,1.0255744,0.0,0.0,1.0452472,0.33028015,0.94007736,0.9646969,0.0,0.0,0.6413397,1.0849538,0.7760205,0.0,0.0,1.1870939,0.73299915,0.33278704,0.0,-1
265,0.1020633,0.43455622,0.05828025,0.0,0.08108499,1.630004,0.0,0.0,0.7792819,0.0,0.018852308,0.019629454,0.97056156,0.0,0.057714418,0.0,0.0,0.0,0.0,0.98520046,0.0,0.0,0.0,0.0,1.5274789,0.09545511,1.5723772,0.0,0.0,0.0,0.0,0.80334735,0.0,-1
266,0.0,0.0,0.0,0.0,0.0,1.5012517,0.0,0.0,1.0383376,0.0,0.0,0.0,1.1709234,0.0,0.0,0.0,0.0,0.0,0.0,1.0798384,0.0,0.0,0.0,0.0,1.6677084,0.0,1.5243977,0.0,0.0,0.0,0.0,0.67401624,0.0,-1
267,0.43315396,0.6513709,0.2771072,0.0,0.24193677,0.97991765,0.4207077,0.38793787,0.48556075,0.26291552,0.3517682,0.45167935,0.678529,0.0,0.36811233,0.50143164,0.0,0.0,0.29440483,0.5872704,0.2503772,0.27855623,0.0,0.0,0.9966826,0.48585215,1.0938168,0.0,0.0,0.4474439,0.2020494,0.55591434,0.0,-1
268,0.17431405,0.3905241,0.0,0.0,0.044286285,1.3849628,0.15341686,0.07479,0.6855921,0.054526597,0.13793361,0.15439284,0.8476621,0.0,0.21558893,0.14973459,0.0,0.0,0.09888269,0.9349354,0.0,0.12899485,0.0,0.0,1.3032202,0.22477636,1.4285911,0.0,0.0,0.12969875,0.1941223,0.75122136,0.0,-1
269,0.10832296,0.1527379,0.0,0.0,0.0,1.1701974,0.0,0.0,0.5795444,0.0,0.07331939,0.004062472,0.79376334,0.0,0.0,0.0,0.0,0.0,0.0,0.789259,0.0,0.0,0.0,0.0,1.1234598,0.0,1.1741289,0.0,0.0,0.0,0.0,0.5266187,0.0,-1
270,0.0,0.15335937,0.0,0.0,0.0,1.3686653,0.0,0.0,0.8339591,0.0,0.0,0.0,0.9515095,0.0,0.0,0.0,0.0,0.0,0.0,0.8388332,0.0,0.0,0.0,0.0,1.4036535,0.0,1.4011779,0.0,0.0,0.0,0.0,0.6764673,0.0,-1
271,0.0,0.0,0.0,0.0,0.0,1.5496184,0.0,0.0,1.0304809,0.0,0.0,0.0,1.2234373,0.0,0.0,0.0,0.0,0.0,0.0,1.0935186,0.0,0.0,0.0,0.0,1.7267457,0.0,1.5703806,0.0,0.0,0.0,0.0,0.7692523,0.0,-1
272,0.0,0.0,0.0,0.0,0.0,2.0878143,0.0,0.0,1.3426125,0.0,0.0,0.0,1.5276692,0.0,0.0,0.0,0.0,0.0,0.0,1.6075033,0.0,0.0,0.0324921,0.0,2.2569454,0.0,2.1659694,0.0,0.0,0.0,0.0,1.0795243,0.0,-1
273,0.0,0.17894033,0.0,0.0,0.0,1.1695948,0.026589513,0.0,0.66448313,0.0,0.006527938,0.0,0.79795706,0.0,0.10751696,0.0,0.0,0.0,0.0,0.75521106,0.0,0.0,0.0,0.0,1.1387812,0.037228853,1.0878519,0.0,0.0,0.06941331,0.0,0.6354356,0.0,-1
274,0.11132391,0.59978217,0.07773652,0.0,0.097857125,1.2891676,0.17515494,0.009482926,0.7647472,0.230951,0.05902299,0.16543563,0.81036687,0.0,0.19521761,0.12826204,0.0,0.0,0.13714582,0.83715755,0.11393594,0.041005958,0.0,0.0,1.354645,0.26143187,1.3182163,0.0,0.0,0.15557732,0.14057791,0.6654859,0.0,-1
275,0.0,0.06293543,0.0,0.0,0.0,1.554159,0.0,0.0,0.8549819,0.0,0.0,0.0,1.0174962,0.0,0.0,0.0,0.0,0.0,0.0,0.9831236,0.0,0.0,0.0,0.0,1.5213861,0.0,1.5004537,0.0,0.0,0.0,0.0,0.7284662,0.0,-1
276,0.0,0.13592178,0.0,0.0,0.0,1.0837831,0.069899246,0.0,0.6359307,0.0,0.045286417,0.0,0.73709387,0.0,0.024790801,0.022943452,0.0,0.0,0.0,0.6601789,0.0,0.0,0.0,0.0,1.0987384,0.023495905,1.009228,0.0,0.0,0.0916768,0.0,0.65647787,0.0,-1
277,0.019653346,0.3073936,0.0,0.0,0.0,1.510403,0.0,0.0,0.8052942,0.0,0.0,0.0,0.9942461,0.0,0.0,0.0027961284,0.0,0.0,0.0,0.8586965,0.0,0.0,0.0,0.0,1.4000207,0.025772199,1.3746383,0.0,0.0,0.121857494,0.0,0.8895676,0.0,-1
278,0.37350836,0.70552504,0.3784378,0.0,0.30768454,1.2734897,0.65751815,0.38186675,0.816798,0.25227174,0.26231253,0.42457157,0.95519644,0.0,0.12096434,0.35636824,0.0,0.0,0.32555062,0.94401014,0.20021737,0.4593289,0.0,0.0,1.5608562,0.41906253,1.5993978,0.0,0.0,0.29193085,0.20636456,0.7884833,0.0,-1
279,0.5256853,0.8796654,0.2941933,0.0,0.2649682,1.0289803,0.35223532,0.42039394,0.4718816,0.35487252,0.395436,0.44792238,0.6495422,0.0,0.39662707,0.4705887,0.0,0.0,0.4436855,0.58724356,0.3698085,0.2886261,0.0,0.0,0.9912266,0.44212613,1.0405837,0.0,0.0,0.47107995,0.39264056,0.47138935,0.0,-1
280,0.13709116,0.36079302,0.054293238,0.0,0.0,1.3417724,0.006205544,0.038179748,0.81347877,0.0,0.01720906,0.0,0.87418,0.0,0.0,0.0038130283,0.0,0.0,0.049684428,0.8783021,0.0,0.0,0.0,0.0,1.358225,0.10796745,1.3147194,0.0,0.0,0.04490411,0.0,0.5946037,0.0,-1
281,1.149909,1.7408329,1.066479,0.0,0.8077879,0.55393195,1.3068845,1.2575145,0.14605786,1.0629175,1.2011371,1.4919337,0.2891521,0.0,1.2850051,1.2524859,0.0,0.0,1.1711861,0.24024037,1.1202327,1.0785941,0.0,0.0,0.64162946,1.3076347,0.8650309,0.0,0.0,1.2609036,1.0754279,0.28028885,0.0,-1
282,0.0,0.0,0.0,0.0,0.0,1.9633837,0.0,0.0,1.1839899,0.0,0.0,0.0,1.336773,0.0,0.0,0.0,0.0,0.0,0.0,1.4726039,0.0,0.0,0.0,0.0,1.9970282,0.0,1.9485136,0.0,0.0,0.0,0.0,0.94399375,0.0,-1
283,0.0033912957,0.24622472,0.0,0.0,0.0,1.2335297,0.0,0.0,0.7839137,0.0,0.0,0.0,0.8208154,0.0,0.0,0.0,0.0,0.0,0.0,0.82804185,0.0,0.0,0.0,0.0,1.2783039,0.0,1.2757648,0.0,0.0,0.0,0.0,0.70759577,0.0,-1
284,1.6036018,2.3180985,1.4098115,0.0,1.0217353,0.0,2.060012,1.8251727,0.0,1.6098372,1.6485984,1.9275583,0.0,0.0,1.7978666,1.8211126,0.0,0.0,1.647672,0.0,1.6346868,1.5449473,0.0,0.0,0.0,1.9466381,0.1899254,0.0,0.0,1.9010601,1.2656649,0.15084705,0.0,-1
285,1.122742,1.6106932,1.0527948,0.0,0.7202288,0.9599315,1.4499538,1.3699965,0.3077784,0.8977072,1.1791952,1.3338174,0.577187,0.0,1.155863,1.2518791,0.0,0.0,1.1815513,0.5525625,1.0965667,1.1735127,0.0,0.0,1.0009592,1.3047148,1.261576,0.0,0.0,1.2337046,0.91744375,0.44635183,0.0,-1
286,0.3614031,0.72241974,0.29820067,0.0,0.21493924,0.9639458,0.4841748,0.41683647,0.6368517,0.35757214,0.35927767,0.3522347,0.7325025,0.0,0.41263354,0.41712528,0.0,0.0,0.28424734,0.48955333,0.21846533,0.32985267,0.0,0.0,1.1383437,0.36503598,1.0527579,0.0,0.0,0.5507905,0.25669292,0.5482614,0.0,-1
287,0.40769297,0.70097625,0.3030018,0.0,0.26347008,1.1365745,0.36379892,0.35532147,0.57941985,0.21588397,0.37280595,0.42432466,0.75858593,0.0,0.30021703,0.3734168,0.0,0.0,0.40081292,0.69356847,0.2809261,0.26167002,0.0,0.0,1.1868765,0.3622949,1.2945693,0.0,0.0,0.28564876,0.25027305,0.42436147,0.0,-1
288,0.0,0.0,0.0,0.0,0.0,1.814417,0.0,0.0,1.2542157,0.0,0.0,0.0,1.3128662,0.0,0.0,0.0,0.0,0.0,0.0,1.2631493,0.0,0.0,0.1060221,0.0,1.958722,0.0,1.8567117,0.0,0.0,0.0,0.0,0.81830573,0.0,-1
289,0.0,0.25604162,0.0,0.0,0.032935664,1.4028438,0.0,0.0,0.83266014,0.0,0.0,0.0,1.0658957,0.0,0.0,0.0,0.0,0.0,0.0,1.0371107,0.0,0.0,0.0,0.0,1.5449846,0.0,1.5185305,0.0,0.0,0.0,0.025015537,0.71461856,0.0,-1
290,0.39978486,0.9231067,0.33114824,0.0,0.22262949,1.2630628,0.6591939,0.5327716,0.72432804,0.43390512,0.3891403,0.4093625,0.849908,0.0,0.5191885,0.35346046,0.0,0.0,0.36161667,0.77734727,0.33485767,0.3907064,0.0,0.0,1.3686997,0.512259,1.3681055,0.0,0.0,0.7008271,0.40274602,0.6453493,0.0,-1
291,0.17793286,0.59781337,0.090216674,0.0,0.074509785,1.3368596,0.2201326,0.11229205,0.83504075,0.20190088,0.08516628,0.15700012,1.0563825,0.0,0.18075728,0.09718981,0.0,0.0,0.07403986,0.8994736,0.10130151,0.07040934,0.0,0.0,1.5086896,0.17441884,1.5202552,0.0,0.0,0.30427513,0.18408081,0.7503444,0.0,-1
292,0.19645648,0.31266087,0.16584757,0.0,0.122340746,1.140993,0.12239097,0.10010478,0.7140143,0.039369978,0.114997,0.30191213,0.8201373,0.0,0.15127727,0.3127052,0.0,0.0,0.22327796,0.756737,0.06508499,0.0068465434,0.0,0.0,1.1046177,0.24980047,1.2989211,0.0,0.0,0.036677413,0.059007313,0.5393541,0.0,-1
293,0.0,0.0,0.0,0.0,0.0,2.319769,0.0,0.0,1.4359514,0.0,0.0,0.0,1.5329603,0.0,0.0,0.0,0.0,0.0,0.0,1.6875341,0.0,0.0,0.048857994,0.0,2.3501966,0.0,2.2529962,0.0,0.0,0.0,0.0,1.1401131,0.0,-1
294,0.9261799,1.6246573,0.8876513,0.0,0.6018409,1.2314372,1.235736,1.0559821,0.49565035,0.78488237,0.82899994,1.1294296,0.71907586,0.0,0.9675326,0.8776523,0.0,0.0,0.94045115,0.70063806,0.92798615,0.98813343,0.0,0.0,1.2307423,1.1712219,1.483274,0.0,0.0,1.034938,0.81861323,0.7289465,0.0,-1
295,0.0,0.0,0.0,0.0,0.0,1.7706342,0.0,0.0,1.0874684,0.0,0.0,0.0,1.3864272,0.0,0.0,0.0,0.0,0.0,0.0,1.3326174,0.0,0.0,0.060637824,0.0,1.7432326,0.0,1.7199564,0.0,0.0,0.0,0.0,0.9622722,0.0,-1
296,0.4927837,0.70612717,0.33795246,0.0,0.2219143,1.1127042,0.59344906,0.49368897,0.5321849,0.30495757,0.45859057,0.46563554,0.7111653,0.0,0.49284762,0.32888252,0.0,0.0,0.35747045,0.72592497,0.34652117,0.40638936,0.0,0.0,1.085029,0.48566386,1.1188753,0.0,0.0,0.62486285,0.13347985,0.5840347,0.0,-1
297,0.0,0.27740407,0.0,0.0,0.0,1.0454597,0.0,0.0,0.68021405,0.062415577,0.0,0.012323495,0.68809795,0.0,0.023455627,0.0,0.0,0.0,0.0011342792,0.6447816,0.0,0.0,0.0,0.0,1.1135886,0.0,1.0672022,0.0,0.0,0.011180244,0.0025889438,0.40310687,0.0,-1
298,0.544538,0.844213,0.54377294,0.0,0.3848698,0.55757904,0.7571873,0.59365124,0.37517604,0.53283536,0.6104946,0.7253159,0.3913991,0.0,0.5513252,0.6832052,0.0,0.0,0.5646901,0.37743858,0.4827132,0.6474999,0.0,0.0,0.79984117,0.6468377,0.7943519,0.0,0.0,0.5829576,0.36144823,0.3417722,0.0,-1
299,0.0,0.0,0.0,0.0,0.0,1.7603143,0.0,0.0,1.1157986,0.0,0.0,0.0,1.2776701,0.0,0.0,0.0,0.0,0.0,0.0,1.3263432,0.0,0.0,0.023997016,0.0,1.816108,0.0,1.7774223,0.0,0.0,0.0,0.0,0.8894611,0.0,-1
